date,value
21-2-2014,1426.998
22-2-2014,1208.998
23-2-2014,1142.45
24-2-2014,1249.894
25-2-2014,1410.834
26-2-2014,1446.592
27-2-2014,1464.129
28-2-2014,1476.95
1-3-2014,1087.396
2-3-2014,1030.012
3-3-2014,999.311
4-3-2014,1066.641
5-3-2014,1059.022
6-3-2014,1135.305
7-3-2014,1145.123
8-3-2014,1067.464
9-3-2014,1012.046
10-3-2014,972.646
11-3-2014,1060.571
12-3-2014,1036.43
13-3-2014,1060.848
14-3-2014,1200.352
15-3-2014,1108.988
16-3-2014,1058.015
17-3-2014,1064.089
18-3-2014,1076.333
19-3-2014,1028.204
20-3-2014,1022.695
21-3-2014,1069.993
22-3-2014,1044.237
23-3-2014,995.878
24-3-2014,1010.334
25-3-2014,1051.88
26-3-2014,1028.666
27-3-2014,1026.521
28-3-2014,1015.242
29-3-2014,1009.52
30-3-2014,992.821
31-3-2014,999.614
1-4-2014,1060.858
2-4-2014,995.349
3-4-2014,986.818
4-4-2014,964.354
5-4-2014,978.343
6-4-2014,963.073
7-4-2014,977.27
8-4-2014,957.755
9-4-2014,983.83
10-4-2014,992.638
11-4-2014,986.18
12-4-2014,992.568
13-4-2014,977.802
14-4-2014,965.829
15-4-2014,951.787
16-4-2014,921.167
17-4-2014,933.993
18-4-2014,919.505
19-4-2014,923.622
20-4-2014,905.072
21-4-2014,885.537
22-4-2014,911.962
23-4-2014,899.308
24-4-2014,902.095
25-4-2014,923.934
26-4-2014,926.447
27-4-2014,896.771
28-4-2014,871.88
29-4-2014,901.076
30-4-2014,902.952
1-5-2014,890.765
2-5-2014,772.784
3-5-2014,757.742
4-5-2014,744.501
5-5-2014,719.979
6-5-2014,714.733
7-5-2014,757.33
8-5-2014,760.433
9-5-2014,657.331
10-5-2014,623.853
11-5-2014,550.847
12-5-2014,542.018
13-5-2014,569.284
14-5-2014,579.182
15-5-2014,542.732
16-5-2014,536.907
17-5-2014,529.057
18-5-2014,517.222
19-5-2014,508.388
20-5-2014,525.858
21-5-2014,528.798
22-5-2014,516.798
23-5-2014,506.512
24-5-2014,505.046
25-5-2014,488.351
26-5-2014,493.925
27-5-2014,496.532
28-5-2014,477.819
29-5-2014,470.977
30-5-2014,481.137
31-5-2014,471.2
1-6-2014,463.923
2-6-2014,443.678
3-6-2014,463.43
4-6-2014,462.981
5-6-2014,441.67
6-6-2014,443.97
7-6-2014,430.691
8-6-2014,410.719
9-6-2014,416.338
10-6-2014,425.275
11-6-2014,404.796
12-6-2014,399.679
13-6-2014,414.411
14-6-2014,429.133
15-6-2014,423.376
16-6-2014,440.029
17-6-2014,397.58
18-6-2014,401.669
19-6-2014,388.989
20-6-2014,342.822
21-6-2014,326.025
22-6-2014,313.534
23-6-2014,304.424
24-6-2014,298.461
25-6-2014,316.251
26-6-2014,320.904
27-6-2014,328.617
28-6-2014,340.005
29-6-2014,333.988
30-6-2014,324.815
1-7-2014,362.877
2-7-2014,262.182
3-7-2014,307.507
4-7-2014,326.327
5-7-2014,334.767
6-7-2014,336.816
7-7-2014,343.196
8-7-2014,350.467
9-7-2014,358.421
10-7-2014,358.945
11-7-2014,343.197
12-7-2014,353.276
13-7-2014,357.565
14-7-2014,364.096
15-7-2014,380.863
16-7-2014,377.364
17-7-2014,359.765
18-7-2014,362.772
19-7-2014,362.237
20-7-2014,338.853
21-7-2014,349.091
22-7-2014,352.631
23-7-2014,360.57
24-7-2014,361.14
25-7-2014,377.436
26-7-2014,368.043
27-7-2014,378.228
28-7-2014,378.231
29-7-2014,385.28
30-7-2014,394.398
31-7-2014,396.194
1-8-2014,397.522
2-8-2014,434.949
3-8-2014,416.494
4-8-2014,395.429
5-8-2014,383.15
6-8-2014,398.407
7-8-2014,402.036
8-8-2014,413.973
9-8-2014,400.112
10-8-2014,400.144
11-8-2014,399.014
12-8-2014,397.574
13-8-2014,409.471
14-8-2014,439.946
15-8-2014,436.614
16-8-2014,441.569
17-8-2014,390.887
18-8-2014,392.954
19-8-2014,412.52
20-8-2014,406.017
21-8-2014,413.13
22-8-2014,411.626
23-8-2014,412.134
24-8-2014,412.636
25-8-2014,418.169
26-8-2014,430.448
27-8-2014,435.099
28-8-2014,431.62
29-8-2014,431.883
30-8-2014,439.644
31-8-2014,428.352
1-9-2014,450.875
2-9-2014,445.533
3-9-2014,459.677
4-9-2014,461.199
5-9-2014,436.272
6-9-2014,439.158
7-9-2014,431.09
8-9-2014,439.65
9-9-2014,444.467
10-9-2014,447.978
11-9-2014,441.982
12-9-2014,421.916
13-9-2014,421.068
14-9-2014,413.309
15-9-2014,419.117
16-9-2014,418.854
17-9-2014,416.296
18-9-2014,413.756
19-9-2014,410.813
20-9-2014,393.509
21-9-2014,393.791
22-9-2014,394.222
23-9-2014,394.927
24-9-2014,394.107
25-9-2014,396.431
26-9-2014,385.735
27-9-2014,374.53
28-9-2014,372.716
29-9-2014,372.151
30-9-2014,372.863
1-10-2014,379.241
2-10-2014,377.385
3-10-2014,385.287
4-10-2014,379.978
5-10-2014,368.956
6-10-2014,371.744
7-10-2014,377.586
8-10-2014,377.414
9-10-2014,378.583
10-10-2014,371.48
11-10-2014,373.792
12-10-2014,368.073
13-10-2014,364.781
14-10-2014,374.678
15-10-2014,367.833
16-10-2014,365.182
17-10-2014,355.453
18-10-2014,348.328
19-10-2014,339.231
20-10-2014,333.701
21-10-2014,335.231
22-10-2014,343.137
23-10-2014,339.482
24-10-2014,354.734
25-10-2014,370.812
26-10-2014,325.627
27-10-2014,315.536
28-10-2014,321.632
29-10-2014,321.457
30-10-2014,367.124
31-10-2014,322.937
1-11-2014,325.079
2-11-2014,313.805
3-11-2014,305.016
4-11-2014,311.743
5-11-2014,309.247
6-11-2014,308.048
7-11-2014,308.891
8-11-2014,313.472
9-11-2014,301.23
10-11-2014,293.926
11-11-2014,295.347
12-11-2014,241.917
13-11-2014,251.145
14-11-2014,254.527
15-11-2014,254.127
16-11-2014,253.836
17-11-2014,247.39
18-11-2014,253.522
19-11-2014,245.782
20-11-2014,245.321
21-11-2014,241.247
22-11-2014,246.213
23-11-2014,242.726
24-11-2014,242.053
25-11-2014,261.385
26-11-2014,264.7
27-11-2014,273.576
28-11-2014,279.526
29-11-2014,394.759
30-11-2014,284.287
1-12-2014,239.445
2-12-2014,250.715
3-12-2014,271.408
4-12-2014,275.956
5-12-2014,290.996
6-12-2014,299.281
7-12-2014,288.892
8-12-2014,275.964
9-12-2014,284.147
10-12-2014,274.643
11-12-2014,287.308
12-12-2014,284.171
13-12-2014,291.934
14-12-2014,287.268
15-12-2014,283.63
16-12-2014,282.139
17-12-2014,275.64
18-12-2014,276.033
19-12-2014,281.717
20-12-2014,278.991
21-12-2014,276.164
22-12-2014,272.482
23-12-2014,278.487
24-12-2014,278.44
25-12-2014,309.357
26-12-2014,311.124
27-12-2014,310.79
28-12-2014,308.519
29-12-2014,304.957
30-12-2014,308.015
31-12-2014,305.283
1-1-2015,295.453
2-1-2015,298.451
3-1-2015,304.648
4-1-2015,304.128
5-1-2015,304.987
6-1-2015,313.879
7-1-2015,322.407
8-1-2015,316.614
9-1-2015,311.854
10-1-2015,321.117
11-1-2015,310.933
12-1-2015,311.959
13-1-2015,320.414
14-1-2015,318.927
15-1-2015,322.44
16-1-2015,313.463
17-1-2015,309.603
18-1-2015,306.782
19-1-2015,304.048
20-1-2015,311.115
21-1-2015,309.208
22-1-2015,311.026
23-1-2015,312.918
24-1-2015,323.816
25-1-2015,305.65
26-1-2015,295.196
27-1-2015,298.992
28-1-2015,304.88
29-1-2015,299.433
30-1-2015,303.517
31-1-2015,310.533
1-2-2015,299.282
2-2-2015,298.011
3-2-2015,301.978
4-2-2015,303.24
5-2-2015,298.439
6-2-2015,292.898
7-2-2015,304.859
8-2-2015,287.632
9-2-2015,295.016
10-2-2015,296.763
11-2-2015,294.167
12-2-2015,290.635
13-2-2015,293.853
14-2-2015,301.493
15-2-2015,292.307
16-2-2015,292.727
17-2-2015,288.186
18-2-2015,290.672
19-2-2015,292.252
20-2-2015,287.946
21-2-2015,290.785
22-2-2015,292.176
23-2-2015,291.345
24-2-2015,292.209
25-2-2015,296.728
26-2-2015,297.188
27-2-2015,287.972
28-2-2015,295.53
1-3-2015,290.035
2-3-2015,292.822
3-3-2015,295.498
4-3-2015,299.091
5-3-2015,292.533
6-3-2015,291.106
7-3-2015,290.117
8-3-2015,285.634
9-3-2015,284.477
10-3-2015,282.684
11-3-2015,283.636
12-3-2015,285.68
13-3-2015,284.241
14-3-2015,281.782
15-3-2015,274.169
16-3-2015,269.175
17-3-2015,282.638
18-3-2015,287.388
19-3-2015,288.502
20-3-2015,289.377
21-3-2015,291.649
22-3-2015,289.766
23-3-2015,290.483
24-3-2015,291.285
25-3-2015,295.77
26-3-2015,293.091
27-3-2015,295.525
28-3-2015,294.656
29-3-2015,282.903
30-3-2015,285.985
31-3-2015,287.448
1-4-2015,283.206
2-4-2015,293.361
3-4-2015,300.461
4-4-2015,294.749
5-4-2015,297.719
6-4-2015,297.805
7-4-2015,307.224
8-4-2015,303.2
9-4-2015,305.311
10-4-2015,310.448
11-4-2015,303.252
12-4-2015,293.386
13-4-2015,287.991
14-4-2015,281.1
15-4-2015,275.532
16-4-2015,252.143
17-4-2015,245.572
18-4-2015,241.967
19-4-2015,237.154
20-4-2015,229.744
21-4-2015,225.205
22-4-2015,224.532
23-4-2015,225.524
24-4-2015,223.716
25-4-2015,225.228
26-4-2015,219.127
27-4-2015,216.073
28-4-2015,217.564
29-4-2015,218.643
30-4-2015,222.837
1-5-2015,201.642
2-5-2015,217.457
3-5-2015,210.528
4-5-2015,207.366
5-5-2015,209.798
6-5-2015,212.362
7-5-2015,212.804
8-5-2015,208.461
9-5-2015,211.155
10-5-2015,204.412
11-5-2015,204.067
12-5-2015,209.132
13-5-2015,209.675
14-5-2015,207.217
15-5-2015,208.718
16-5-2015,210.427
17-5-2015,204.182
18-5-2015,206.9
19-5-2015,207.585
20-5-2015,204.77
21-5-2015,205.304
22-5-2015,205.447
23-5-2015,205.795
24-5-2015,200.569
25-5-2015,199.178
26-5-2015,198.189
27-5-2015,157.432
28-5-2015,170.535
29-5-2015,178.342
30-5-2015,185.013
31-5-2015,183.877
1-6-2015,189.554
2-6-2015,190.627
3-6-2015,187.187
4-6-2015,183.195
5-6-2015,174.959
6-6-2015,176.474
7-6-2015,175.904
8-6-2015,177.758
9-6-2015,183.713
10-6-2015,179.887
11-6-2015,172.953
12-6-2015,162.26
13-6-2015,161.107
14-6-2015,154.191
15-6-2015,152.761
16-6-2015,152.825
17-6-2015,150.668
18-6-2015,153.84
19-6-2015,154.362
20-6-2015,153.302
21-6-2015,146.153
22-6-2015,148.219
23-6-2015,157.787
24-6-2015,168.07
25-6-2015,170.513
26-6-2015,172.464
27-6-2015,173.18
28-6-2015,172.399
29-6-2015,172.088
30-6-2015,173.71
1-7-2015,174.648
2-7-2015,176.084
3-7-2015,176.803
4-7-2015,176.761
5-7-2015,174.234
6-7-2015,174.497
7-7-2015,177.363
8-7-2015,177.204
9-7-2015,178.679
10-7-2015,183.763
11-7-2015,178.016
12-7-2015,176.614
13-7-2015,175.343
14-7-2015,175.908
15-7-2015,175.406
16-7-2015,176.809
17-7-2015,177.63
18-7-2015,177.787
19-7-2015,174.058
20-7-2015,177.727
21-7-2015,178.585
22-7-2015,182.414
23-7-2015,178.582
24-7-2015,178.578
25-7-2015,181.324
26-7-2015,179.999
27-7-2015,180.878
28-7-2015,180.278
29-7-2015,178.891
30-7-2015,173.381
31-7-2015,179.238
1-8-2015,177.121
2-8-2015,174.466
3-8-2015,175.915
4-8-2015,177.115
5-8-2015,177.154
6-8-2015,176.898
7-8-2015,175.332
8-8-2015,174.52
9-8-2015,174.17
10-8-2015,176.711
11-8-2015,178.616
12-8-2015,175.438
13-8-2015,175.722
14-8-2015,172.898
15-8-2015,160.103
16-8-2015,162.429
17-8-2015,166.257
18-8-2015,168.597
19-8-2015,170.196
20-8-2015,170.627
21-8-2015,169.958
22-8-2015,175.931
23-8-2015,163.222
24-8-2015,167.792
25-8-2015,181.106
26-8-2015,189.169
27-8-2015,193.649
28-8-2015,197.459
29-8-2015,196.649
30-8-2015,195.908
31-8-2015,197.89
1-9-2015,206.21
2-9-2015,203.476
3-9-2015,198.441
4-9-2015,200.646
5-9-2015,200.438
6-9-2015,198.475
7-9-2015,196.909
8-9-2015,198.97
9-9-2015,203.994
10-9-2015,204.108
11-9-2015,201.959
12-9-2015,205.201
13-9-2015,200.749
14-9-2015,200.325
15-9-2015,204.148
16-9-2015,203.525
17-9-2015,205.678
18-9-2015,211.013
19-9-2015,214.347
20-9-2015,213.146
21-9-2015,205.662
22-9-2015,204.791
23-9-2015,205.464
24-9-2015,203.581
25-9-2015,202.562
26-9-2015,205.393
27-9-2015,203.325
28-9-2015,200.743
29-9-2015,199.383
30-9-2015,196.364
1-10-2015,198.998
2-10-2015,202.269
3-10-2015,201.45
4-10-2015,198.48
5-10-2015,198.37
6-10-2015,201.201
7-10-2015,203.941
8-10-2015,201.147
9-10-2015,204.141
10-10-2015,205.218
11-10-2015,201.416
12-10-2015,200.629
13-10-2015,199.893
14-10-2015,197.651
15-10-2015,196.906
16-10-2015,198.993
17-10-2015,197.887
18-10-2015,195.268
19-10-2015,193.681
20-10-2015,196.682
21-10-2015,190.816
22-10-2015,187.951
23-10-2015,188.673
24-10-2015,190.075
25-10-2015,187.569
26-10-2015,184.445
27-10-2015,184.862
28-10-2015,185.436
29-10-2015,189.403
30-10-2015,187.266
31-10-2015,187.108
1-11-2015,178.226
2-11-2015,179.369
3-11-2015,187.367
4-11-2015,193.683
5-11-2015,193.586
6-11-2015,195.37
7-11-2015,195.494
8-11-2015,190.256
9-11-2015,190.367
10-11-2015,191.468
11-11-2015,186.953
12-11-2015,184.47
13-11-2015,187.715
14-11-2015,188.995
15-11-2015,185.982
16-11-2015,187.515
17-11-2015,190.678
18-11-2015,193.132
19-11-2015,191.866
20-11-2015,193.873
21-11-2015,196.347
22-11-2015,195.153
23-11-2015,194.088
24-11-2015,195.06
25-11-2015,188.492
26-11-2015,173.735
27-11-2015,173.645
28-11-2015,173.389
29-11-2015,170.027
30-11-2015,168.103
1-12-2015,171.118
2-12-2015,182.87
3-12-2015,186.457
4-12-2015,190.971
5-12-2015,194.508
6-12-2015,197.835
7-12-2015,196.564
8-12-2015,196.478
9-12-2015,198.948
10-12-2015,199.172
11-12-2015,200.323
12-12-2015,199.367
13-12-2015,197.482
14-12-2015,196.76
15-12-2015,197.19
16-12-2015,196.475
17-12-2015,192.305
18-12-2015,192.129
19-12-2015,187.008
20-12-2015,180.941
21-12-2015,179.361
22-12-2015,180.666
23-12-2015,161.978
24-12-2015,161.92
25-12-2015,175.624
26-12-2015,174.063
27-12-2015,173.489
28-12-2015,179.102
29-12-2015,172.279
30-12-2015,170.028
31-12-2015,168.191
1-1-2016,164.033
2-1-2016,159.066
3-1-2016,156.409
4-1-2016,157.538
5-1-2016,170.83
6-1-2016,172.386
7-1-2016,175.521
8-1-2016,177.474
9-1-2016,177.073
10-1-2016,175.756
11-1-2016,176.652
12-1-2016,174.947
13-1-2016,177.551
14-1-2016,172.134
15-1-2016,174.722
16-1-2016,174.572
17-1-2016,171.549
18-1-2016,173.064
19-1-2016,174.463
20-1-2016,175.14
21-1-2016,172.146
22-1-2016,176.673
23-1-2016,173.294
24-1-2016,171.287
25-1-2016,171.559
26-1-2016,174.49
27-1-2016,173.797
28-1-2016,169.657
29-1-2016,168.719
30-1-2016,170.307
31-1-2016,166.738
1-2-2016,168.01
2-2-2016,170.928
3-2-2016,168.869
4-2-2016,171.197
5-2-2016,169.258
6-2-2016,155.882
7-2-2016,152.075
8-2-2016,151.43
9-2-2016,153.472
10-2-2016,151.913
11-2-2016,152.3
12-2-2016,153.594
13-2-2016,163.351
14-2-2016,167.348
15-2-2016,167.139
16-2-2016,168.553
17-2-2016,166.239
18-2-2016,148.156
19-2-2016,155.401
20-2-2016,157.854
21-2-2016,157.651
22-2-2016,158.962
23-2-2016,162.544
24-2-2016,162.035
25-2-2016,162.096
26-2-2016,160.587
27-2-2016,161.068
28-2-2016,161.774
29-2-2016,158.755
1-3-2016,160.377
2-3-2016,163.333
3-3-2016,161.307
4-3-2016,161.65
5-3-2016,163.082
6-3-2016,158.83
7-3-2016,159.795
8-3-2016,163.767
9-3-2016,162.009
10-3-2016,164.774
11-3-2016,167.789
12-3-2016,175.631
13-3-2016,173.546
14-3-2016,175.503
15-3-2016,177.981
16-3-2016,179.561
17-3-2016,177.615
18-3-2016,176.46
19-3-2016,184.497
20-3-2016,183.32
21-3-2016,187.123
22-3-2016,187.677
23-3-2016,186.667
24-3-2016,186.575
25-3-2016,180.529
26-3-2016,177.334
27-3-2016,176.204
28-3-2016,176.122
29-3-2016,183.593
30-3-2016,188.996
31-3-2016,194.757
1-4-2016,202.648
2-4-2016,204.337
3-4-2016,185.657
4-4-2016,192.738
5-4-2016,201.096
6-4-2016,203.317
7-4-2016,205.256
8-4-2016,208.9
9-4-2016,209.787
10-4-2016,204.835
11-4-2016,202.583
12-4-2016,205.292
13-4-2016,203.132
14-4-2016,204.816
15-4-2016,205.09
16-4-2016,204.763
17-4-2016,198.233
18-4-2016,197.833
19-4-2016,202.159
20-4-2016,203.634
21-4-2016,203.207
22-4-2016,199.75
23-4-2016,201.112
24-4-2016,195.839
25-4-2016,192.998
26-4-2016,199.162
27-4-2016,197.685
28-4-2016,203.295
29-4-2016,211.373
30-4-2016,208.789
1-5-2016,206.226
2-5-2016,205.864
3-5-2016,208.596
4-5-2016,206.306
5-5-2016,203.047
6-5-2016,204.643
7-5-2016,200.899
8-5-2016,198.739
9-5-2016,200.544
10-5-2016,202.459
11-5-2016,201.435
12-5-2016,198.773
13-5-2016,200.365
14-5-2016,202.235
15-5-2016,195.827
16-5-2016,194.787
17-5-2016,187.167
18-5-2016,186.779
19-5-2016,186.233
20-5-2016,186.161
21-5-2016,184.671
22-5-2016,183.103
23-5-2016,182.499
24-5-2016,181.091
25-5-2016,182.338
26-5-2016,184.978
27-5-2016,188.634
28-5-2016,189.696
29-5-2016,188.405
30-5-2016,187.353
31-5-2016,191.409
1-6-2016,187.86
2-6-2016,186.858
3-6-2016,188.716
4-6-2016,182.493
5-6-2016,179.795
6-6-2016,178.81
7-6-2016,181.98
8-6-2016,185.078
9-6-2016,184.204
10-6-2016,183.989
11-6-2016,184.391
12-6-2016,185.832
13-6-2016,183.529
14-6-2016,184.909
15-6-2016,185.279
16-6-2016,195.576
17-6-2016,202.195
18-6-2016,201.488
19-6-2016,196.505
20-6-2016,193.381
21-6-2016,191.15
22-6-2016,182.934
23-6-2016,170.117
24-6-2016,163.092
25-6-2016,161.443
26-6-2016,159.159
27-6-2016,160.119
28-6-2016,160.278
29-6-2016,156.923
30-6-2016,152.11
1-7-2016,149.322
2-7-2016,152.692
3-7-2016,149.864
4-7-2016,154.553
5-7-2016,174.791
6-7-2016,179.684
7-7-2016,184.093
8-7-2016,190.026
9-7-2016,189.36
10-7-2016,171.158
11-7-2016,175.772
12-7-2016,186.634
13-7-2016,193.515
14-7-2016,177.713
15-7-2016,181.196
16-7-2016,181.873
17-7-2016,185.486
18-7-2016,183.876
19-7-2016,182.52
20-7-2016,177.178
21-7-2016,171.728
22-7-2016,172.096
23-7-2016,170.056
24-7-2016,169.983
25-7-2016,171.18
26-7-2016,175.065
27-7-2016,176.831
28-7-2016,177.353
29-7-2016,175.634
30-7-2016,174.52
31-7-2016,173.359
1-8-2016,173.945
2-8-2016,170.583
3-8-2016,168.246
4-8-2016,168.233
5-8-2016,166.551
6-8-2016,164.73
7-8-2016,161.584
8-8-2016,161.936
9-8-2016,163.927
10-8-2016,158.137
11-8-2016,160.122
12-8-2016,161.758
13-8-2016,159.886
14-8-2016,161.025
15-8-2016,160.483
16-8-2016,162.155
17-8-2016,164.501
18-8-2016,163.999
19-8-2016,167.198
20-8-2016,163.942
21-8-2016,162.619
22-8-2016,163.356
23-8-2016,162.533
24-8-2016,162.681
25-8-2016,162.808
26-8-2016,168.83
27-8-2016,170.526
28-8-2016,170.021
29-8-2016,173.063
30-8-2016,178.286
31-8-2016,182.124
1-9-2016,181.97
2-9-2016,179.917
3-9-2016,177.26
4-9-2016,174.202
5-9-2016,174.02
6-9-2016,177.031
7-9-2016,179.131
8-9-2016,178.096
9-9-2016,179.48
10-9-2016,178.811
11-9-2016,177.796
12-9-2016,179.634
13-9-2016,180.928
14-9-2016,183.951
15-9-2016,182.853
16-9-2016,181.316
17-9-2016,179.61
18-9-2016,177.546
19-9-2016,176.5
20-9-2016,176.195
21-9-2016,179.36
22-9-2016,183.038
23-9-2016,181.542
24-9-2016,181.164
25-9-2016,178.35
26-9-2016,179.743
27-9-2016,183.258
28-9-2016,182.92
29-9-2016,179.031
30-9-2016,179.244
1-10-2016,182.349
2-10-2016,180.249
3-10-2016,175.892
4-10-2016,179.245
5-10-2016,178.791
6-10-2016,175.092
7-10-2016,174.619
8-10-2016,178.049
9-10-2016,177.022
10-10-2016,180.111
11-10-2016,182.154
12-10-2016,180.994
13-10-2016,182.719
14-10-2016,184.209
15-10-2016,184.217
16-10-2016,181.948
17-10-2016,177.539
18-10-2016,176.73
19-10-2016,182.22
20-10-2016,181.598
21-10-2016,173.926
22-10-2016,178.62
23-10-2016,178.422
24-10-2016,174.808
25-10-2016,171.338
26-10-2016,169.49
27-10-2016,162.955
28-10-2016,165.167
29-10-2016,158.136
30-10-2016,158.09
31-10-2016,159.481
1-11-2016,165.036
2-11-2016,175.234
3-11-2016,179.86
4-11-2016,182.64
5-11-2016,185.431
6-11-2016,183.04
7-11-2016,183.096
8-11-2016,187.749
9-11-2016,184.946
10-11-2016,186.747
11-11-2016,185.911
12-11-2016,186.675
13-11-2016,184.609
14-11-2016,184.819
15-11-2016,183.644
16-11-2016,182.27
17-11-2016,184.085
18-11-2016,184.572
19-11-2016,186.515
20-11-2016,179.043
21-11-2016,172.118
22-11-2016,179.222
23-11-2016,177.232
24-11-2016,163.037
25-11-2016,164.508
26-11-2016,165.606
27-11-2016,164.817
28-11-2016,166.144
29-11-2016,177.19
30-11-2016,183.869
1-12-2016,185.85
2-12-2016,186.85
3-12-2016,190.088
4-12-2016,188.111
5-12-2016,189.15
6-12-2016,191.269
7-12-2016,193.32
8-12-2016,191.308
9-12-2016,195.924
10-12-2016,198.748
11-12-2016,195.301
12-12-2016,193.802
13-12-2016,192.376
14-12-2016,189.645
15-12-2016,189.237
16-12-2016,188.543
17-12-2016,187.802
18-12-2016,183.515
19-12-2016,181.17
20-12-2016,182.04
21-12-2016,185.406
22-12-2016,178.865
23-12-2016,169.405
24-12-2016,179.132
25-12-2016,192.283
26-12-2016,192.934
27-12-2016,194.426
28-12-2016,194.036
29-12-2016,191.541
30-12-2016,187.708
31-12-2016,188.362
1-1-2017,184.939
2-1-2017,185.638
3-1-2017,203.332
4-1-2017,205.32
5-1-2017,206.008
6-1-2017,206.007
7-1-2017,207.71
8-1-2017,207.103
9-1-2017,209.205
10-1-2017,214.57
11-1-2017,213.3
12-1-2017,211.469
13-1-2017,209.62
14-1-2017,210.908
15-1-2017,210.952
16-1-2017,210.206
17-1-2017,211.376
18-1-2017,214.119
19-1-2017,213.423
20-1-2017,209.149
21-1-2017,211.511
22-1-2017,213.243
23-1-2017,221.467
24-1-2017,222.399
25-1-2017,226.91
26-1-2017,226.653
27-1-2017,227.516
28-1-2017,231.351
29-1-2017,229.86
30-1-2017,232.647
31-1-2017,236.637
1-2-2017,230.192
2-2-2017,229.219
3-2-2017,232.675
4-2-2017,232.876
5-2-2017,232.401
6-2-2017,232.166
7-2-2017,237.558
8-2-2017,237.617
9-2-2017,240.833
10-2-2017,242.922
11-2-2017,246.11
12-2-2017,244.759
13-2-2017,241.204
14-2-2017,246.849
15-2-2017,242.985
16-2-2017,247.232
17-2-2017,245.63
18-2-2017,241.321
19-2-2017,234.546
20-2-2017,236.439
21-2-2017,241.817
22-2-2017,244.357
23-2-2017,243.66
24-2-2017,247.677
25-2-2017,248.801
26-2-2017,245.315
27-2-2017,244.041
28-2-2017,243.313
1-3-2017,251.225
2-3-2017,256.364
3-3-2017,254.489
4-3-2017,250.337
5-3-2017,250.496
6-3-2017,253.458
7-3-2017,255.258
8-3-2017,256.255
9-3-2017,252.673
10-3-2017,255.267
11-3-2017,255.592
12-3-2017,251.277
13-3-2017,251.895
14-3-2017,264.074
15-3-2017,263.848
16-3-2017,269.125
17-3-2017,260.485
18-3-2017,262.69
19-3-2017,256.371
20-3-2017,257.775
21-3-2017,260.123
22-3-2017,259.583
23-3-2017,258.029
24-3-2017,250.479
25-3-2017,249.695
26-3-2017,244.292
27-3-2017,238.092
28-3-2017,248.106
29-3-2017,244.156
30-3-2017,247.373
31-3-2017,253.695
1-4-2017,255.395
2-4-2017,252.142
3-4-2017,255.333
4-4-2017,258.026
5-4-2017,256.538
6-4-2017,254.691
7-4-2017,254.204
8-4-2017,253.114
9-4-2017,252.585
10-4-2017,251.285
11-4-2017,255.213
12-4-2017,252.694
13-4-2017,250.733
14-4-2017,251.169
15-4-2017,254.285
16-4-2017,255.047
17-4-2017,254.803
18-4-2017,257.145
19-4-2017,256.912
20-4-2017,259.396
21-4-2017,261.383
22-4-2017,261.161
23-4-2017,259.242
24-4-2017,259.46
25-4-2017,256.55
26-4-2017,258.291
27-4-2017,258.696
28-4-2017,258.315
29-4-2017,261.801
30-4-2017,262.599
1-5-2017,259.763
2-5-2017,265.557
3-5-2017,262.987
4-5-2017,262.628
5-5-2017,249.144
6-5-2017,257.347
7-5-2017,257.576
8-5-2017,257.949
9-5-2017,258.096
10-5-2017,255.688
11-5-2017,257.986
12-5-2017,261.733
13-5-2017,264.749
14-5-2017,260.096
15-5-2017,261.486
16-5-2017,265.866
17-5-2017,267.192
18-5-2017,265.54
19-5-2017,268.613
20-5-2017,271.405
21-5-2017,266.246
22-5-2017,265.007
23-5-2017,269.689
24-5-2017,222.109
25-5-2017,228.154
26-5-2017,234.816
27-5-2017,242.805
28-5-2017,241.668
29-5-2017,244.628
30-5-2017,242.193
31-5-2017,247.517
1-6-2017,253.967
2-6-2017,255.143
3-6-2017,257.15
4-6-2017,255.013
5-6-2017,254.435
6-6-2017,260.342
7-6-2017,256.912
8-6-2017,250.834
9-6-2017,254.474
10-6-2017,251.368
11-6-2017,251.263
12-6-2017,249.95
13-6-2017,249.534
14-6-2017,246.821
15-6-2017,245.683
16-6-2017,241.389
17-6-2017,242.953
18-6-2017,240.267
19-6-2017,246.874
20-6-2017,246.769
21-6-2017,240.156
22-6-2017,227.079
23-6-2017,219.6
24-6-2017,217.583
25-6-2017,217.79
26-6-2017,223.31
27-6-2017,229.414
28-6-2017,230.465
29-6-2017,229.836
30-6-2017,228.88
1-7-2017,231.377
2-7-2017,229.886
3-7-2017,228.864
4-7-2017,230.05
5-7-2017,233.76
6-7-2017,245.105
7-7-2017,248.789
8-7-2017,243.941
9-7-2017,242.284
10-7-2017,245.129
11-7-2017,249.885
12-7-2017,251.169
13-7-2017,245.448
14-7-2017,245.134
15-7-2017,248.127
16-7-2017,249.856
17-7-2017,252.464
18-7-2017,255.86
19-7-2017,259.297
20-7-2017,258.346
21-7-2017,260.65
22-7-2017,258.261
23-7-2017,245.563
24-7-2017,252.111
25-7-2017,260.95
26-7-2017,266.94
27-7-2017,272.445
28-7-2017,269.944
29-7-2017,269.279
30-7-2017,263.633
31-7-2017,266.339
1-8-2017,268.956
2-8-2017,266.638
3-8-2017,268.391
4-8-2017,272.2
5-8-2017,279.027
6-8-2017,274.215
7-8-2017,279.502
8-8-2017,278.351
9-8-2017,285.79
10-8-2017,283.353
11-8-2017,282.507
12-8-2017,281.79
13-8-2017,281.094
14-8-2017,281.162
15-8-2017,277.398
16-8-2017,272.482
17-8-2017,272.759
18-8-2017,267.881
19-8-2017,271.845
20-8-2017,265.376
21-8-2017,261.282
22-8-2017,254.463
23-8-2017,256.244
24-8-2017,263.565
25-8-2017,262.909
26-8-2017,265.595
27-8-2017,262.842
28-8-2017,265.914
29-8-2017,270.768
30-8-2017,269.643
31-8-2017,269.275
1-9-2017,267.996
2-9-2017,272.105
3-9-2017,268.909
4-9-2017,275.596
5-9-2017,272.854
6-9-2017,273.963
7-9-2017,275.421
8-9-2017,277.036
9-9-2017,272.771
10-9-2017,266.158
11-9-2017,268.829
12-9-2017,268.385
13-9-2017,267.852
14-9-2017,269.196
15-9-2017,266.563
16-9-2017,260.533
17-9-2017,256.937
18-9-2017,261.83
19-9-2017,261.159
20-9-2017,260.471
21-9-2017,264.797
22-9-2017,258.859
23-9-2017,260.756
24-9-2017,263.533
25-9-2017,265.652
26-9-2017,261.193
27-9-2017,248.658
28-9-2017,248.96
29-9-2017,246.929
30-9-2017,249.908
1-10-2017,247.534
2-10-2017,248.997
3-10-2017,251.645
4-10-2017,251.925
5-10-2017,249.376
6-10-2017,251.513
7-10-2017,252.801
8-10-2017,251.634
9-10-2017,249.955
10-10-2017,250.483
11-10-2017,253.25
12-10-2017,251.849
13-10-2017,255.43
14-10-2017,257.837
15-10-2017,257.493
16-10-2017,252.891
17-10-2017,251.293
18-10-2017,254.389
19-10-2017,247.204
20-10-2017,248.139
21-10-2017,252.804
22-10-2017,253.229
23-10-2017,250.047
24-10-2017,249.961
25-10-2017,249.563
26-10-2017,244.556
27-10-2017,235.638
28-10-2017,235.682
29-10-2017,236.677
30-10-2017,236.78
31-10-2017,234.725
1-11-2017,236.42
2-11-2017,243.337
3-11-2017,235.972
4-11-2017,237.354
5-11-2017,239.446
6-11-2017,240.958
7-11-2017,237.834
8-11-2017,237.054
9-11-2017,236.068
10-11-2017,235.646
11-11-2017,235.061
12-11-2017,237.498
13-11-2017,232.218
14-11-2017,232.238
15-11-2017,234.926
16-11-2017,231.453
17-11-2017,229.725
18-11-2017,230.53
19-11-2017,231.155
20-11-2017,232.604
21-11-2017,230.905
22-11-2017,225.245
23-11-2017,205.726
24-11-2017,208.894
25-11-2017,213.085
26-11-2017,212.051
27-11-2017,216.012
28-11-2017,216.043
29-11-2017,226.169
30-11-2017,231.052
1-12-2017,238.302
2-12-2017,239.151
3-12-2017,239.471
4-12-2017,240.625
5-12-2017,241.456
6-12-2017,244.788
7-12-2017,241.623
8-12-2017,242.559
9-12-2017,240.826
10-12-2017,240.069
11-12-2017,241.259
12-12-2017,242.061
13-12-2017,241.195
14-12-2017,242.633
15-12-2017,237.472
16-12-2017,241.057
17-12-2017,243.197
18-12-2017,239.504
19-12-2017,236.564
20-12-2017,236.048
21-12-2017,232.243
22-12-2017,228.756
23-12-2017,231.464
24-12-2017,241.728
25-12-2017,261.707
26-12-2017,265.337
27-12-2017,270.781
28-12-2017,266.562
29-12-2017,268.962
30-12-2017,264.913
31-12-2017,261.563
1-1-2018,259.011
2-1-2018,259.954
3-1-2018,261.633
4-1-2018,260.306
5-1-2018,261.578
6-1-2018,267.844
7-1-2018,270.027
8-1-2018,273.856
9-1-2018,278.016
10-1-2018,272.131
11-1-2018,273.266
12-1-2018,271.779
13-1-2018,284.305
14-1-2018,279.606
15-1-2018,280.453
16-1-2018,285.355
17-1-2018,283.265
18-1-2018,283.712
19-1-2018,286.734
20-1-2018,292.481
21-1-2018,295.65
22-1-2018,293.084
23-1-2018,290.621
24-1-2018,292.245
25-1-2018,291.417
26-1-2018,281.266
27-1-2018,268.693
28-1-2018,273.554
29-1-2018,278.014
30-1-2018,277.375
31-1-2018,284.859
1-2-2018,285.389
2-2-2018,288.962
3-2-2018,289.887
4-2-2018,288.991
5-2-2018,285.481
6-2-2018,282.901
7-2-2018,280.262
8-2-2018,279.482
9-2-2018,286.774
10-2-2018,288.079
11-2-2018,285.852
12-2-2018,281.584
13-2-2018,282.471
14-2-2018,282.771
15-2-2018,283.306
16-2-2018,285.352
17-2-2018,288.495
18-2-2018,282.846
19-2-2018,281.016
20-2-2018,284.525
21-2-2018,282.385
22-2-2018,275.548
23-2-2018,280.756
24-2-2018,285.911
25-2-2018,284.843
26-2-2018,284.19
27-2-2018,283.418
28-2-2018,279.597
1-3-2018,278.276
2-3-2018,279.384
3-3-2018,282.799
4-3-2018,278.309
5-3-2018,280.914
6-3-2018,279.602
7-3-2018,280.33
8-3-2018,283.402
9-3-2018,281.116
10-3-2018,283.243
11-3-2018,279.299
12-3-2018,278.746
13-3-2018,277.578
14-3-2018,271.563
15-3-2018,273.544
16-3-2018,279.274
17-3-2018,283.302
18-3-2018,279.673
19-3-2018,280.269
20-3-2018,277.625
21-3-2018,275.939
22-3-2018,268.611
23-3-2018,267.412
24-3-2018,268.436
25-3-2018,262.911
26-3-2018,260.976
27-3-2018,264.729
28-3-2018,264.526
29-3-2018,265.652
30-3-2018,239.475
31-3-2018,248.868
1-4-2018,259.566
2-4-2018,267.476
3-4-2018,267.034
4-4-2018,263.207
5-4-2018,268.793
6-4-2018,276.095
7-4-2018,269.371
8-4-2018,265.206
9-4-2018,267.924
10-4-2018,263.416
11-4-2018,259.785
12-4-2018,260.28
13-4-2018,260.165
14-4-2018,263.611
15-4-2018,265.797
16-4-2018,270.254
17-4-2018,267.873
18-4-2018,272.922
19-4-2018,269.517
20-4-2018,265.649
21-4-2018,268.98
22-4-2018,273.328
23-4-2018,274.807
24-4-2018,276.2
25-4-2018,275.092
26-4-2018,273.686
27-4-2018,276.282
28-4-2018,275.924
29-4-2018,274.174
30-4-2018,275.874
1-5-2018,273.411
2-5-2018,272.205
3-5-2018,272.125
4-5-2018,279.205
5-5-2018,278.357
6-5-2018,277.365
7-5-2018,277.029
8-5-2018,272.081
9-5-2018,257.91
10-5-2018,265.809
11-5-2018,265.903
12-5-2018,271.72
13-5-2018,263.402
14-5-2018,266.751
15-5-2018,265.419
16-5-2018,266.689
17-5-2018,262.297
18-5-2018,255.982
19-5-2018,259.038
20-5-2018,261.57
21-5-2018,259.094
22-5-2018,257.164
23-5-2018,260.056
24-5-2018,256.432
25-5-2018,254.823
26-5-2018,250.15
27-5-2018,251.091
28-5-2018,252.342
29-5-2018,252.432
30-5-2018,253.824
31-5-2018,253.881
1-6-2018,254.266
2-6-2018,257.932
3-6-2018,260.263
4-6-2018,258.75
5-6-2018,255.052
6-6-2018,255.702
7-6-2018,252.956
8-6-2018,252.489
9-6-2018,243.888
10-6-2018,242.455
11-6-2018,234.219
12-6-2018,240.272
13-6-2018,242.473
14-6-2018,251.471
15-6-2018,251.924
16-6-2018,249.828
17-6-2018,244.387
18-6-2018,245.76
19-6-2018,246.9
20-6-2018,238.834
21-6-2018,233.629
22-6-2018,218.451
23-6-2018,219.367
24-6-2018,222.033
25-6-2018,218.534
26-6-2018,217.922
27-6-2018,216.681
28-6-2018,216.086
29-6-2018,219.723
30-6-2018,222.43
1-7-2018,221.039
2-7-2018,219.331
3-7-2018,222.961
4-7-2018,223.691
5-7-2018,226.111
6-7-2018,238.24
7-7-2018,239.982
8-7-2018,242.876
9-7-2018,244.977
10-7-2018,245.58
11-7-2018,250.254
12-7-2018,248.063
13-7-2018,251.309
14-7-2018,251.465
15-7-2018,251.982
16-7-2018,252.126
17-7-2018,253.736
18-7-2018,251.581
19-7-2018,254.075
20-7-2018,256.223
21-7-2018,255.108
22-7-2018,257.623
23-7-2018,259.885
24-7-2018,254.996
25-7-2018,257.701
26-7-2018,260.496
27-7-2018,260.042
28-7-2018,256.646
29-7-2018,257.443
30-7-2018,264.291
31-7-2018,262.31
1-8-2018,264.195
2-8-2018,263.477
3-8-2018,271.796
4-8-2018,272
5-8-2018,280.177
6-8-2018,277.084
7-8-2018,276.688
8-8-2018,276.644
9-8-2018,275.805
10-8-2018,272.473
11-8-2018,269.31
12-8-2018,268.638
13-8-2018,268.267
14-8-2018,266.458
15-8-2018,265.408
16-8-2018,265.079
17-8-2018,271.082
18-8-2018,268.759
19-8-2018,264.157
20-8-2018,271.122
21-8-2018,274.264
22-8-2018,279.123
23-8-2018,274.399
24-8-2018,283.104
25-8-2018,282.022
26-8-2018,283.962
27-8-2018,287.793
28-8-2018,284.744
29-8-2018,283.759
30-8-2018,272.729
31-8-2018,274.051
1-9-2018,286.878
2-9-2018,282.148
3-9-2018,278.96
4-9-2018,290.855
5-9-2018,289.385
6-9-2018,298.828
7-9-2018,303.32
8-9-2018,301.742
9-9-2018,302.96
10-9-2018,313.401
11-9-2018,313.743
12-9-2018,319.178
13-9-2018,323.345
14-9-2018,322.319
15-9-2018,325.634
16-9-2018,319.79
17-9-2018,325.724
18-9-2018,325.221
19-9-2018,326.725
20-9-2018,329.543
21-9-2018,328.475
22-9-2018,325.311
23-9-2018,320.734
24-9-2018,332.657
25-9-2018,340.576
26-9-2018,339.591
27-9-2018,345.464
28-9-2018,346.557
29-9-2018,346.416
30-9-2018,345.513
1-10-2018,351.072
2-10-2018,351.677
3-10-2018,348.38
4-10-2018,346.968
5-10-2018,343.314
6-10-2018,342.873
7-10-2018,345.442
8-10-2018,346.787
9-10-2018,348.857
10-10-2018,348.317
11-10-2018,356.226
12-10-2018,351.956
13-10-2018,347.621
14-10-2018,348.841
15-10-2018,349.625
16-10-2018,349.262
17-10-2018,350.165
18-10-2018,347.611
19-10-2018,349.897
20-10-2018,347.744
21-10-2018,339.68
22-10-2018,342.717
23-10-2018,338.261
24-10-2018,338.619
25-10-2018,335.769
26-10-2018,333.468
27-10-2018,326.538
28-10-2018,328
29-10-2018,320.236
30-10-2018,312.695
31-10-2018,314.964
1-11-2018,318.953
2-11-2018,334.506
3-11-2018,336.119
4-11-2018,331.007
5-11-2018,334.738
6-11-2018,330.351
7-11-2018,330.288
8-11-2018,326.023
9-11-2018,330.502
10-11-2018,329.339
11-11-2018,330.808
12-11-2018,331.908
13-11-2018,335.159
14-11-2018,331.8
15-11-2018,328.684
16-11-2018,332.533
17-11-2018,331.515
18-11-2018,328.258
19-11-2018,325.481
20-11-2018,326.397
21-11-2018,317.009
22-11-2018,300.426
23-11-2018,305.174
24-11-2018,304.514
25-11-2018,307.264
26-11-2018,308.181
27-11-2018,304.94
28-11-2018,316.806
29-11-2018,318.423
30-11-2018,313.418
1-12-2018,318.674
2-12-2018,315.333
3-12-2018,313.692
4-12-2018,319.831
5-12-2018,318.145
6-12-2018,321.42
7-12-2018,305.159
8-12-2018,315.737
9-12-2018,316.738
10-12-2018,320.045
11-12-2018,318.396
12-12-2018,318.363
13-12-2018,318.567
14-12-2018,319.1
15-12-2018,320.152
16-12-2018,321.26
17-12-2018,325.312
18-12-2018,318.026
19-12-2018,313.343
20-12-2018,313.228
21-12-2018,309.055
22-12-2018,303.799
23-12-2018,302.385
24-12-2018,310.676
25-12-2018,330.198
26-12-2018,339.37
27-12-2018,343.583
28-12-2018,361.651
29-12-2018,342.514
30-12-2018,323.244
31-12-2018,336.343
1-1-2019,338.27
2-1-2019,339.036
3-1-2019,338.837
4-1-2019,350.787
5-1-2019,361.033
6-1-2019,369
7-1-2019,356.588
8-1-2019,362.311
9-1-2019,362.993
10-1-2019,367.159
11-1-2019,369.446
12-1-2019,367.071
13-1-2019,377.591
14-1-2019,374.763
15-1-2019,373.913
16-1-2019,380.252
17-1-2019,376.513
18-1-2019,372.917
19-1-2019,373.141
20-1-2019,371.163
21-1-2019,372.588
22-1-2019,372.513
23-1-2019,377.039
24-1-2019,379.842
25-1-2019,377.877
26-1-2019,383.221
27-1-2019,383.83
28-1-2019,386.183
29-1-2019,381.75
30-1-2019,389.672
31-1-2019,388.136
1-2-2019,382.868
2-2-2019,388.189
3-2-2019,384.544
4-2-2019,381.437
5-2-2019,364.973
6-2-2019,364.925
7-2-2019,345.076
8-2-2019,347.85
9-2-2019,351.927
10-2-2019,350.982
11-2-2019,351.279
12-2-2019,356.164
13-2-2019,362.324
14-2-2019,370.998
15-2-2019,374.604
16-2-2019,376.61
17-2-2019,372.997
18-2-2019,370.548
19-2-2019,375.348
20-2-2019,379.173
21-2-2019,381.862
22-2-2019,385.611
23-2-2019,386.692
24-2-2019,386.121
25-2-2019,384.899
26-2-2019,379.004
27-2-2019,373.358
28-2-2019,373.822
1-3-2019,382.089
2-3-2019,373.808
3-3-2019,372.776
4-3-2019,380.528
5-3-2019,387.672
6-3-2019,384.131
7-3-2019,387.364
8-3-2019,393.56
9-3-2019,404.151
10-3-2019,393.149
11-3-2019,401.866
12-3-2019,400.076
13-3-2019,410.271
14-3-2019,390.324
15-3-2019,398.075
16-3-2019,400.018
17-3-2019,389.515
18-3-2019,392.808
19-3-2019,395.885
20-3-2019,391.583
21-3-2019,395.85
22-3-2019,391.275
23-3-2019,384.912
24-3-2019,381.47
25-3-2019,381.256
26-3-2019,380.075
27-3-2019,381.481
28-3-2019,381.64
29-3-2019,374.481
30-3-2019,380.376
31-3-2019,366.422
1-4-2019,374.015
2-4-2019,382.694
3-4-2019,376.167
4-4-2019,365.948
5-4-2019,380.938
6-4-2019,376.884
7-4-2019,380.36
8-4-2019,381.246
9-4-2019,386.843
10-4-2019,391.256
11-4-2019,390.333
12-4-2019,392.536
13-4-2019,394.223
14-4-2019,385.662
15-4-2019,388.225
16-4-2019,387.368
17-4-2019,386.535
18-4-2019,383.519
19-4-2019,389.538
20-4-2019,394.108
21-4-2019,391.034
22-4-2019,387.509
23-4-2019,391.697
24-4-2019,391.408
25-4-2019,387.103
26-4-2019,382.648
27-4-2019,372.248
28-4-2019,377.609
29-4-2019,375.725
30-4-2019,377.682
1-5-2019,373.831
2-5-2019,368.538
3-5-2019,371.517
4-5-2019,378.736
5-5-2019,371.252
6-5-2019,371.979
7-5-2019,369.675
8-5-2019,352.366
9-5-2019,359.111
10-5-2019,360.463
11-5-2019,370.731
12-5-2019,363.198
13-5-2019,366.152
14-5-2019,377.961
15-5-2019,373.181
16-5-2019,379.447
17-5-2019,374.268
18-5-2019,374.793
19-5-2019,374.831
20-5-2019,367.107
21-5-2019,375.847
22-5-2019,370.772
23-5-2019,377.362
24-5-2019,376.406
25-5-2019,373.071
26-5-2019,368.352
27-5-2019,374.295
28-5-2019,373.578
29-5-2019,375.719
30-5-2019,372.237
31-5-2019,375.335
1-6-2019,379.725
2-6-2019,384.063
3-6-2019,385.378
4-6-2019,393.732
5-6-2019,394.654
6-6-2019,396.447
7-6-2019,399.22
8-6-2019,393.309
9-6-2019,392.967
10-6-2019,386.487
11-6-2019,393.324
12-6-2019,392.948
13-6-2019,402.06
14-6-2019,396.189
15-6-2019,387.565
16-6-2019,392.251
17-6-2019,390.563
18-6-2019,390.47
19-6-2019,387.743
20-6-2019,385.265
21-6-2019,381.083
22-6-2019,389.726
23-6-2019,390.703
24-6-2019,394.361
25-6-2019,384.091
26-6-2019,370.718
27-6-2019,366.807
28-6-2019,366.777
29-6-2019,368.363
30-6-2019,367.173
1-7-2019,367.146
2-7-2019,372.414
3-7-2019,377.993
4-7-2019,381.322
5-7-2019,382.808
6-7-2019,388.745
7-7-2019,384.422
8-7-2019,386.418
9-7-2019,387.905
10-7-2019,397.745
11-7-2019,404.894
12-7-2019,411.051
13-7-2019,411.388
14-7-2019,410.838
15-7-2019,420.597
16-7-2019,418.75
17-7-2019,419.806
18-7-2019,426.334
19-7-2019,427.082
20-7-2019,433.508
21-7-2019,427.493
22-7-2019,435.132
23-7-2019,427.521
24-7-2019,425.581
25-7-2019,429.395
26-7-2019,426.801
27-7-2019,425.106
28-7-2019,422.159
29-7-2019,423.084
30-7-2019,429.288
31-7-2019,434.817
1-8-2019,432.94
2-8-2019,427.178
3-8-2019,431.111
4-8-2019,430.378
5-8-2019,429.965
6-8-2019,432.259
7-8-2019,437.357
8-8-2019,443.159
9-8-2019,437.941
10-8-2019,443.826
11-8-2019,446.423
12-8-2019,458.486
13-8-2019,449.683
14-8-2019,435.667
15-8-2019,418.073
16-8-2019,433.137
17-8-2019,444.379
18-8-2019,439.182
19-8-2019,441.529
20-8-2019,431.971
21-8-2019,426.179
22-8-2019,427.41
23-8-2019,435.57
24-8-2019,439.312
25-8-2019,443.445
26-8-2019,441.926
27-8-2019,446.332
28-8-2019,460.819
29-8-2019,442.37
30-8-2019,448.633
31-8-2019,461.934
1-9-2019,463.272
2-9-2019,462.61
3-9-2019,458.111
4-9-2019,469.569
5-9-2019,473.447
6-9-2019,476.698
7-9-2019,471.991
8-9-2019,443.224
9-9-2019,457.147
10-9-2019,458.667
11-9-2019,462.044
12-9-2019,469.576
13-9-2019,471.438
14-9-2019,481.385
15-9-2019,480.798
16-9-2019,475.703
17-9-2019,478.711
18-9-2019,482.077
19-9-2019,481.247
20-9-2019,480.736
21-9-2019,485.536
22-9-2019,485.818
23-9-2019,473.458
24-9-2019,479.665
25-9-2019,481.369
26-9-2019,478.667
27-9-2019,488.318
28-9-2019,486.306
29-9-2019,488.569
30-9-2019,492.88
1-10-2019,499.35
2-10-2019,485.28
3-10-2019,484.092
4-10-2019,495.09
5-10-2019,487.211
6-10-2019,484.019
7-10-2019,480.316
8-10-2019,486.166
9-10-2019,497.354
10-10-2019,489.425
11-10-2019,500.883
12-10-2019,501.142
13-10-2019,497.443
14-10-2019,498.003
15-10-2019,508.117
16-10-2019,501.894
17-10-2019,500.611
18-10-2019,490.689
19-10-2019,484.155
20-10-2019,486.12
21-10-2019,484.298
22-10-2019,484.053
23-10-2019,480.644
24-10-2019,480.913
25-10-2019,487.105
26-10-2019,486.555
27-10-2019,477.893
28-10-2019,472.262
29-10-2019,459.33
30-10-2019,467.802
31-10-2019,466.741
1-11-2019,472.434
2-11-2019,487.583
3-11-2019,491.457
4-11-2019,487.03
5-11-2019,496.345
6-11-2019,501.965
7-11-2019,500.162
8-11-2019,511.02
9-11-2019,516.125
10-11-2019,508.533
11-11-2019,501.774
12-11-2019,500.265
13-11-2019,500.873
14-11-2019,494.465
15-11-2019,500.927
16-11-2019,490.525
17-11-2019,492.151
18-11-2019,495.492
19-11-2019,424.461
20-11-2019,423.332
21-11-2019,418.625
22-11-2019,424.634
23-11-2019,424.486
24-11-2019,420.481
25-11-2019,419.293
26-11-2019,418.823
27-11-2019,412.914
28-11-2019,415.971
29-11-2019,418.072
30-11-2019,420.112
1-12-2019,420.161
2-12-2019,423.495
3-12-2019,421.298
4-12-2019,432.464
5-12-2019,438.184
6-12-2019,439.106
7-12-2019,451.126
8-12-2019,447.211
9-12-2019,452.138
10-12-2019,457.551
11-12-2019,453.523
12-12-2019,452.758
13-12-2019,448.493
14-12-2019,451.442
15-12-2019,458.098
16-12-2019,456.175
17-12-2019,460.372
18-12-2019,454.557
19-12-2019,447.985
20-12-2019,439.249
21-12-2019,445.386
22-12-2019,441.069
23-12-2019,439.834
24-12-2019,458.533
25-12-2019,475.202
26-12-2019,470.781
27-12-2019,482.921
28-12-2019,475.356
29-12-2019,463.129
30-12-2019,480.651
31-12-2019,484.36
1-1-2020,479.169
2-1-2020,484.378
3-1-2020,490.232
4-1-2020,501.194
5-1-2020,499.798
6-1-2020,491.741
7-1-2020,500.932
8-1-2020,508.418
9-1-2020,503.043
10-1-2020,509.014
11-1-2020,511.357
12-1-2020,500.362
13-1-2020,502.322
14-1-2020,512.441
15-1-2020,511.327
16-1-2020,508.799
17-1-2020,503.235
18-1-2020,494.921
19-1-2020,501.405
20-1-2020,500.35
21-1-2020,500.642
22-1-2020,494.605
23-1-2020,490.466
24-1-2020,477.757
25-1-2020,471.807
26-1-2020,471.761
27-1-2020,467.363
28-1-2020,472.427
29-1-2020,480.27
30-1-2020,479.947
31-1-2020,492.062
1-2-2020,484.968
2-2-2020,488.62
3-2-2020,488.401
4-2-2020,493.798
5-2-2020,495.894
6-2-2020,493.558
7-2-2020,486.453
8-2-2020,492.519
9-2-2020,490.207
10-2-2020,494.855
11-2-2020,493.039
12-2-2020,491.787
13-2-2020,500.492
14-2-2020,499.157
15-2-2020,493.876
16-2-2020,499.168
17-2-2020,490.718
18-2-2020,491.909
19-2-2020,488.781
20-2-2020,495.668
21-2-2020,497.75
22-2-2020,492.597
23-2-2020,488.146
24-2-2020,491.323
25-2-2020,488.467
26-2-2020,489.154
27-2-2020,490.892
28-2-2020,482.884
29-2-2020,488.775
1-3-2020,494.57
2-3-2020,488.525
3-3-2020,493.67
4-3-2020,501.292
5-3-2020,506.506
6-3-2020,511.835
7-3-2020,511.129
8-3-2020,518.458
9-3-2020,512.841
10-3-2020,508.215
11-3-2020,504.232
12-3-2020,507.719
13-3-2020,501.558
14-3-2020,506.406
15-3-2020,501.792
16-3-2020,497.507
17-3-2020,487.295
18-3-2020,495.726
19-3-2020,493.215
20-3-2020,482.278
21-3-2020,483.029
22-3-2020,478.19
23-3-2020,490.309
24-3-2020,478.613
25-3-2020,483.836
26-3-2020,471.451
27-3-2020,473.968
28-3-2020,480.253
29-3-2020,480.244
30-3-2020,468.71
31-3-2020,460.624
1-4-2020,465.462
2-4-2020,468.443
3-4-2020,467.216
4-4-2020,478.323
5-4-2020,482.13
6-4-2020,483.955
7-4-2020,484.329
8-4-2020,498.3
9-4-2020,493.591
10-4-2020,496.278
11-4-2020,508.446
12-4-2020,513.919
13-4-2020,520.503
14-4-2020,515.411
15-4-2020,519.44
16-4-2020,524.664
17-4-2020,524.626
18-4-2020,518.907
19-4-2020,521.076
20-4-2020,520.709
21-4-2020,529.381
22-4-2020,520.833
23-4-2020,517.883
24-4-2020,515.939
25-4-2020,517.768
26-4-2020,513.93
27-4-2020,514.885
28-4-2020,515.206
29-4-2020,521.964
30-4-2020,525.371
1-5-2020,521.258
2-5-2020,527.801
3-5-2020,531.192
4-5-2020,532.701
5-5-2020,532.663
6-5-2020,537.301
7-5-2020,543.968
8-5-2020,536.791
9-5-2020,532.651
10-5-2020,528.374
11-5-2020,530.138
12-5-2020,534.318
13-5-2020,536.342
14-5-2020,530.144
15-5-2020,529.734
16-5-2020,537.607
17-5-2020,530.717
18-5-2020,531.813
19-5-2020,529.278
20-5-2020,528.17
21-5-2020,522.888
22-5-2020,527.445
23-5-2020,529.573
24-5-2020,527.153
25-5-2020,509.792
26-5-2020,489.979
27-5-2020,503.826
28-5-2020,503.338
29-5-2020,507.411
30-5-2020,505.774
31-5-2020,521.172
1-6-2020,518.137
2-6-2020,515.752
3-6-2020,515.844
4-6-2020,518.473
5-6-2020,520.379
6-6-2020,518.825
7-6-2020,525.01
8-6-2020,529.452
9-6-2020,515.421
10-6-2020,515.999
11-6-2020,517.602
12-6-2020,510.483
13-6-2020,515.257
14-6-2020,515.172
15-6-2020,514.326
16-6-2020,509.192
17-6-2020,504.597
18-6-2020,503.983
19-6-2020,497.964
20-6-2020,497.438
21-6-2020,496.419
22-6-2020,491.332
23-6-2020,491.87
24-6-2020,489.3
25-6-2020,471.565
26-6-2020,480.132
27-6-2020,477.67
28-6-2020,482.208
29-6-2020,477.032
30-6-2020,481.66
1-7-2020,478.656
2-7-2020,487.986
3-7-2020,490.319
4-7-2020,494.165
5-7-2020,497.327
6-7-2020,493.248
7-7-2020,502.006
8-7-2020,508.397
9-7-2020,516.239
10-7-2020,525.276
11-7-2020,526.288
12-7-2020,530.615
13-7-2020,531.534
14-7-2020,534.066
15-7-2020,541.344
16-7-2020,534.321
17-7-2020,534.107
18-7-2020,536.959
19-7-2020,544.785
20-7-2020,535.652
21-7-2020,533.382
22-7-2020,535.246
23-7-2020,542.123
24-7-2020,543.21
25-7-2020,543.903
26-7-2020,540.261
27-7-2020,538.614
28-7-2020,541.17
29-7-2020,548.793
30-7-2020,538.744
31-7-2020,539.721
1-8-2020,550.609
2-8-2020,552.857
3-8-2020,556.802
4-8-2020,552.982
5-8-2020,544.673
6-8-2020,553.427
7-8-2020,547.266
8-8-2020,550.008
9-8-2020,545.822
10-8-2020,543.683
11-8-2020,539.404
12-8-2020,532.697
13-8-2020,529.037
14-8-2020,525.963
15-8-2020,518.802
16-8-2020,512.445
17-8-2020,513.286
18-8-2020,521.491
19-8-2020,521.267
20-8-2020,514.042
21-8-2020,516.509
22-8-2020,516.714
23-8-2020,515.687
24-8-2020,517.46
25-8-2020,505.114
26-8-2020,508.488
27-8-2020,511.363
28-8-2020,511.323
29-8-2020,509.31
30-8-2020,508.842
31-8-2020,504.481
1-9-2020,502.982
2-9-2020,500.813
3-9-2020,513.417
4-9-2020,523.136
5-9-2020,524.256
6-9-2020,516.679
7-9-2020,517.22
8-9-2020,521.836
9-9-2020,514.2
10-9-2020,514.623
11-9-2020,513.37
12-9-2020,523.479
13-9-2020,529.557
14-9-2020,529.646
15-9-2020,543.081
16-9-2020,534.874
17-9-2020,531.16
18-9-2020,530.496
19-9-2020,535.098
20-9-2020,534.643
21-9-2020,531.635
22-9-2020,531.468
23-9-2020,540.439
24-9-2020,538.241
25-9-2020,547.845
26-9-2020,550.702
27-9-2020,549.256
28-9-2020,544.37
29-9-2020,549.168
30-9-2020,548.117
1-10-2020,544.825
2-10-2020,552.714
3-10-2020,566.303
4-10-2020,575.957
5-10-2020,583.13
6-10-2020,578.331
7-10-2020,572.734
8-10-2020,568.317
9-10-2020,577.703
10-10-2020,569.816
11-10-2020,566.585
12-10-2020,565.612
13-10-2020,563.704
14-10-2020,564.179
15-10-2020,565.872
16-10-2020,557.532
17-10-2020,546.715
18-10-2020,552.397
19-10-2020,548.138
20-10-2020,548.867
21-10-2020,541.273
22-10-2020,530.824
23-10-2020,533.672
24-10-2020,535.376
25-10-2020,538.805
26-10-2020,539.926
27-10-2020,540.435
28-10-2020,538.947
29-10-2020,539.582
30-10-2020,534.625
31-10-2020,529.016
1-11-2020,525.929
2-11-2020,532.199
3-11-2020,536.756
4-11-2020,544.726
5-11-2020,562.441
6-11-2020,557.776
7-11-2020,558.643
8-11-2020,552.201
9-11-2020,552.451
10-11-2020,547.947
11-11-2020,551.575
12-11-2020,546.278
13-11-2020,558.446
14-11-2020,550.423
15-11-2020,548.415
16-11-2020,550.47
17-11-2020,547.986
18-11-2020,536.909
19-11-2020,540.634
20-11-2020,539.606
21-11-2020,547.56
22-11-2020,547.119
23-11-2020,545.601
24-11-2020,549.967
25-11-2020,543.555
26-11-2020,527.486
27-11-2020,519.591
28-11-2020,520.716
29-11-2020,521.623
30-11-2020,520.558
1-12-2020,520.557
2-12-2020,529.942
3-12-2020,533.748
4-12-2020,474.873
5-12-2020,496.131
6-12-2020,497.223
7-12-2020,493.653
8-12-2020,497.208
9-12-2020,492.449
10-12-2020,480.209
11-12-2020,490.136
12-12-2020,498.925
13-12-2020,508.79
14-12-2020,516.038
15-12-2020,518.073
16-12-2020,525.373
17-12-2020,525.963
18-12-2020,535.504
19-12-2020,533.098
20-12-2020,538.686
21-12-2020,547.061
22-12-2020,542.909
23-12-2020,539.143
24-12-2020,559.376
25-12-2020,585.991
26-12-2020,580.47
27-12-2020,582.897
28-12-2020,595.617
29-12-2020,599.82
30-12-2020,609.34
31-12-2020,623.805
1-1-2021,625.311
2-1-2021,637.714
3-1-2021,627.047
4-1-2021,637.504
5-1-2021,641.322
6-1-2021,652.391
7-1-2021,661.148
8-1-2021,681.277
9-1-2021,684.868
10-1-2021,700.871
11-1-2021,690.491
12-1-2021,697.333
13-1-2021,700.469
14-1-2021,697.436
15-1-2021,695.837
16-1-2021,687.963
17-1-2021,683.798
18-1-2021,681.451
19-1-2021,697.142
20-1-2021,693.563
21-1-2021,686.606
22-1-2021,692.622
23-1-2021,684.77
24-1-2021,685.696
25-1-2021,686.756
26-1-2021,690.26
27-1-2021,691.352
28-1-2021,664.198
29-1-2021,674.138
30-1-2021,685.141
31-1-2021,699.053
1-2-2021,706.911
2-2-2021,715.453
3-2-2021,730.698
4-2-2021,737.777
5-2-2021,710.423
6-2-2021,702.726
7-2-2021,704.345
8-2-2021,699.972
9-2-2021,677.552
10-2-2021,661.34
11-2-2021,656.325
12-2-2021,648.297
13-2-2021,650.971
14-2-2021,652.513
15-2-2021,659.845
16-2-2021,662.377
17-2-2021,672.285
18-2-2021,679.784
19-2-2021,685.228
20-2-2021,701.799
21-2-2021,703.045
22-2-2021,707.351
23-2-2021,698.086
24-2-2021,698.725
25-2-2021,694.51
26-2-2021,703.125
27-2-2021,710.178
28-2-2021,702.56
1-3-2021,692.425
2-3-2021,708.89
3-3-2021,713.701
4-3-2021,732.179
5-3-2021,738.018
6-3-2021,739.859
7-3-2021,735.006
8-3-2021,735.029
9-3-2021,730.009
10-3-2021,723.041
11-3-2021,726.794
12-3-2021,721.231
13-3-2021,728.42
14-3-2021,724.031
15-3-2021,715.649
16-3-2021,723.17
17-3-2021,722.626
18-3-2021,724.866
19-3-2021,728.672
20-3-2021,731.193
21-3-2021,731.329
22-3-2021,740.727
23-3-2021,734.386
24-3-2021,735.729
25-3-2021,730.09
26-3-2021,736.654
27-3-2021,724.731
28-3-2021,733.625
29-3-2021,740.178
30-3-2021,735.831
31-3-2021,740.184
1-4-2021,749.014
2-4-2021,759.309
3-4-2021,758.585
4-4-2021,765.074
5-4-2021,772.333
6-4-2021,770.801
7-4-2021,718.996
8-4-2021,696.542
9-4-2021,703.022
10-4-2021,708.429
11-4-2021,700.056
12-4-2021,702.06
13-4-2021,706.187
14-4-2021,715.361
15-4-2021,724.54
16-4-2021,717.054
17-4-2021,716.457
18-4-2021,714.998
19-4-2021,710.589
20-4-2021,714.25
21-4-2021,705.795
22-4-2021,701.796
23-4-2021,692.593
24-4-2021,692.372
25-4-2021,685.326
26-4-2021,685.044
27-4-2021,673.871
28-4-2021,669.162
29-4-2021,661.562
30-4-2021,640.766
1-5-2021,662.247
2-5-2021,675.165
3-5-2021,687.703
4-5-2021,663.787
5-5-2021,667.373
6-5-2021,674.677
7-5-2021,673.632
8-5-2021,679.678
9-5-2021,683.199
10-5-2021,689.182
11-5-2021,701.945
12-5-2021,705.813
13-5-2021,705.411
14-5-2021,695.69
15-5-2021,698.862
16-5-2021,697.946
17-5-2021,699.544
18-5-2021,701.924
19-5-2021,700.55
20-5-2021,693.154
21-5-2021,693.957
22-5-2021,697.155
23-5-2021,694.029
24-5-2021,680.142
25-5-2021,689.068
26-5-2021,694.883
27-5-2021,688.151
28-5-2021,680.765
29-5-2021,681.643
30-5-2021,677.966
31-5-2021,668.124
1-6-2021,673.262
2-6-2021,671.252
3-6-2021,675.628
4-6-2021,670.782
5-6-2021,670.166
6-6-2021,677.371
7-6-2021,673.224
8-6-2021,664.979
9-6-2021,661.098
10-6-2021,660.917
11-6-2021,665.814
12-6-2021,659.035
13-6-2021,646.524
14-6-2021,643.569
15-6-2021,646.848
16-6-2021,642.262
17-6-2021,643.489
18-6-2021,640.805
19-6-2021,637.119
20-6-2021,635.354
21-6-2021,630.679
22-6-2021,618.54
23-6-2021,605.492
24-6-2021,589.549
25-6-2021,592.457
26-6-2021,601.358
27-6-2021,602.446
28-6-2021,599.863
29-6-2021,595.795
30-6-2021,592.487
1-7-2021,593.47
2-7-2021,590.846
3-7-2021,594.314
4-7-2021,589.396
5-7-2021,592.946
6-7-2021,594.575
7-7-2021,592.229
8-7-2021,597.36
9-7-2021,611.25
10-7-2021,610.738
11-7-2021,607.503
12-7-2021,599.529
13-7-2021,592.547
14-7-2021,585.203
15-7-2021,578.553
16-7-2021,581.115
17-7-2021,584.961
18-7-2021,589.639
19-7-2021,588.985
20-7-2021,585.081
21-7-2021,586.89
22-7-2021,594.694
23-7-2021,594.739
24-7-2021,592.663
25-7-2021,585.988
26-7-2021,574.734
27-7-2021,584.033
28-7-2021,584.028
29-7-2021,579.453
30-7-2021,582.067
31-7-2021,572.368
1-8-2021,575.259
2-8-2021,573.455
3-8-2021,578.858
4-8-2021,576.355
5-8-2021,577.786
6-8-2021,567.554
7-8-2021,558.371
8-8-2021,553.205
9-8-2021,552.367
10-8-2021,546.656
11-8-2021,547.784
12-8-2021,540.24
13-8-2021,537.615
14-8-2021,532.099
15-8-2021,529.408
16-8-2021,524.759
17-8-2021,517.271
18-8-2021,512.873
19-8-2021,513.613
20-8-2021,510.011
21-8-2021,515.961
22-8-2021,517.546
23-8-2021,516.975
24-8-2021,513.448
25-8-2021,504.184
26-8-2021,500.922
27-8-2021,507.801
28-8-2021,502.973
29-8-2021,506.891
30-8-2021,505.906
31-8-2021,512.73
1-9-2021,516.209
2-9-2021,513.568
3-9-2021,512.937
4-9-2021,517.469
5-9-2021,515.521
6-9-2021,517.409
7-9-2021,518.655
8-9-2021,512.835
9-9-2021,499.773
10-9-2021,503.96
11-9-2021,509.462
12-9-2021,507.494
13-9-2021,496.799
14-9-2021,501.151
15-9-2021,492.813
16-9-2021,497.897
17-9-2021,495.358
18-9-2021,472.616
19-9-2021,486.293
20-9-2021,482.654
21-9-2021,476.036
22-9-2021,424.614
23-9-2021,416.67
24-9-2021,424.578
25-9-2021,426.668
26-9-2021,431.249
27-9-2021,438.874
28-9-2021,440.42
29-9-2021,434.408
30-9-2021,426.534
1-10-2021,426.751
2-10-2021,439.789
3-10-2021,450.551
4-10-2021,443.978
5-10-2021,447.731
6-10-2021,448.016
7-10-2021,440.282
8-10-2021,448.701
9-10-2021,449.261
10-10-2021,449.246
11-10-2021,452.337
12-10-2021,440.538
13-10-2021,438.82
14-10-2021,435.168
15-10-2021,435.114
16-10-2021,436.259
17-10-2021,438.728
18-10-2021,437.495
19-10-2021,435.794
20-10-2021,437.01
21-10-2021,432.601
22-10-2021,410.364
23-10-2021,418.48
24-10-2021,420.889
25-10-2021,418.076
26-10-2021,425.15
27-10-2021,431.393
28-10-2021,434.497
29-10-2021,437.913
30-10-2021,440.56
31-10-2021,443.315
1-11-2021,440.16
2-11-2021,445.406
3-11-2021,455.303
4-11-2021,457.941
5-11-2021,450.025
6-11-2021,452.453
7-11-2021,440.395
8-11-2021,429.658
9-11-2021,428.603
10-11-2021,420.918
11-11-2021,424.053
12-11-2021,427.814
13-11-2021,432.096
14-11-2021,439.856
15-11-2021,438.672
16-11-2021,450.398
17-11-2021,449.638
18-11-2021,444.916
19-11-2021,444.071
20-11-2021,442.101
21-11-2021,442.254
22-11-2021,448.075
23-11-2021,442.418
24-11-2021,429.091
25-11-2021,424.158
26-11-2021,421.115
27-11-2021,421.231
28-11-2021,426.593
29-11-2021,438.307
30-11-2021,422.98
1-12-2021,425.02
2-12-2021,430.645
3-12-2021,445.134
4-12-2021,460.019
5-12-2021,481.122
6-12-2021,487.172
7-12-2021,492.552
8-12-2021,481.843
9-12-2021,475.415
10-12-2021,471.83
11-12-2021,475.242
12-12-2021,468.184
13-12-2021,472.229
14-12-2021,469.767
15-12-2021,446.676
16-12-2021,445.179
17-12-2021,462.018
18-12-2021,458.955
19-12-2021,456.78
20-12-2021,458.296
21-12-2021,458.143
22-12-2021,456.555
23-12-2021,452.837
24-12-2021,461.276
25-12-2021,474.542
26-12-2021,477.463
27-12-2021,482.567
28-12-2021,483.817
29-12-2021,492.884
30-12-2021,493.629
31-12-2021,497.559
1-1-2022,494.972
2-1-2022,494.709
3-1-2022,500.118
4-1-2022,498.406
5-1-2022,503.692
6-1-2022,506.608
7-1-2022,516.055
8-1-2022,514.644
9-1-2022,514.659
10-1-2022,524.973
11-1-2022,523.129
12-1-2022,516.635
13-1-2022,518.057
14-1-2022,522.254
15-1-2022,508.882
16-1-2022,514.459
17-1-2022,510.746
18-1-2022,509.471
19-1-2022,502.217
20-1-2022,511.105
21-1-2022,502.443
22-1-2022,499.689
23-1-2022,491.957
24-1-2022,495.117
25-1-2022,498.504
26-1-2022,484.427
27-1-2022,485.012
28-1-2022,479.236
29-1-2022,481.328
30-1-2022,472.564
31-1-2022,472.674
1-2-2022,477.57
2-2-2022,481.629
3-2-2022,480.326
4-2-2022,489.006
5-2-2022,489.641
6-2-2022,489.018
7-2-2022,482.618
8-2-2022,485.024
9-2-2022,484.32
10-2-2022,484.539
11-2-2022,493.207
12-2-2022,491.927
13-2-2022,495.457
14-2-2022,489.823
15-2-2022,488.314
16-2-2022,487.809
17-2-2022,481.775
18-2-2022,488.968
19-2-2022,486.875
20-2-2022,493.721
21-2-2022,492.394
22-2-2022,495.059
23-2-2022,493.749
24-2-2022,492.747
25-2-2022,497.987
26-2-2022,494.341
27-2-2022,493.905
28-2-2022,507.783
1-3-2022,510.075
2-3-2022,500.418
3-3-2022,496.128
4-3-2022,510.255
5-3-2022,511.012
6-3-2022,509.589
7-3-2022,507.197
8-3-2022,493.416
9-3-2022,488.972
10-3-2022,496.693
11-3-2022,506.114
12-3-2022,508.67
13-3-2022,516.45
14-3-2022,510.532
15-3-2022,505.085
16-3-2022,507.825
17-3-2022,506.914
18-3-2022,514.025
19-3-2022,509.892
20-3-2022,516.627
21-3-2022,517.582
22-3-2022,512.57
23-3-2022,510.274
24-3-2022,507.247
25-3-2022,513.527
26-3-2022,518.028
27-3-2022,505.941
28-3-2022,504.522
29-3-2022,515.081
30-3-2022,514.557
31-3-2022,518.104
1-4-2022,517.929
2-4-2022,530.931
3-4-2022,537.356
4-4-2022,537.788
5-4-2022,541.242
6-4-2022,544.363
7-4-2022,536.519
8-4-2022,546.556
9-4-2022,541.581
10-4-2022,540.75
11-4-2022,536.121
12-4-2022,541.069
13-4-2022,540.657
14-4-2022,542.719
15-4-2022,545.08
16-4-2022,541.371
17-4-2022,539.026
18-4-2022,539.935
19-4-2022,545.605
20-4-2022,545.434
21-4-2022,545.743
22-4-2022,554.519
23-4-2022,555.019
24-4-2022,543.782
25-4-2022,538.386
26-4-2022,536.073
27-4-2022,519.945
28-4-2022,513.693
29-4-2022,517.02
30-4-2022,511.526
1-5-2022,509.504
2-5-2022,513.054
3-5-2022,517.736
4-5-2022,497.897
5-5-2022,502.931
6-5-2022,508.349
7-5-2022,512.341
8-5-2022,508.464
9-5-2022,500.699
10-5-2022,501.184
11-5-2022,495.992
12-5-2022,497.36
13-5-2022,507.956
14-5-2022,507.627
15-5-2022,506.18
16-5-2022,503.267
17-5-2022,514.527
18-5-2022,515.689
19-5-2022,517.106
20-5-2022,519.064
21-5-2022,520.73
22-5-2022,526.765
23-5-2022,524.757
24-5-2022,523.19
25-5-2022,525.672
26-5-2022,512.505
27-5-2022,516.511
28-5-2022,524.924
29-5-2022,513.449
30-5-2022,509.258
31-5-2022,513.275
1-6-2022,523.152
2-6-2022,529.834
3-6-2022,507.222
4-6-2022,503.838
5-6-2022,503.658
6-6-2022,506.09
7-6-2022,512.024
8-6-2022,508.395
9-6-2022,506.021
10-6-2022,516.784
11-6-2022,514.754
12-6-2022,511.993
13-6-2022,511.478
14-6-2022,521.072
15-6-2022,507.065
16-6-2022,503.095
17-6-2022,496.318
18-6-2022,494.284
19-6-2022,493.113
20-6-2022,486.137
21-6-2022,481.729
22-6-2022,473.245
23-6-2022,471.615
24-6-2022,467.897
25-6-2022,469.541
26-6-2022,463.267
27-6-2022,465.288
28-6-2022,472.478
29-6-2022,475.858
30-6-2022,491.764
1-7-2022,497.835
2-7-2022,496.171
3-7-2022,495.986
4-7-2022,492.812
5-7-2022,493.269
6-7-2022,473.899
7-7-2022,477.135
8-7-2022,485.98
9-7-2022,488.427
10-7-2022,494.475
11-7-2022,487.33
12-7-2022,490.004
13-7-2022,529.739
14-7-2022,484.219
15-7-2022,480.193
16-7-2022,487.417
17-7-2022,486.517
18-7-2022,493.916
19-7-2022,492.071
20-7-2022,518.91
21-7-2022,488.017
22-7-2022,488.295
23-7-2022,491.674
24-7-2022,484.329
25-7-2022,494.681
26-7-2022,496.732
27-7-2022,493.533
28-7-2022,493.966
29-7-2022,498.528
30-7-2022,495.85
31-7-2022,500.156
1-8-2022,505.837
2-8-2022,499.552
3-8-2022,502.738
4-8-2022,513.858
5-8-2022,505.726
6-8-2022,503.92
7-8-2022,500.743
8-8-2022,504.616
9-8-2022,511.35
10-8-2022,491.832
11-8-2022,493.821
12-8-2022,498.902
13-8-2022,487.344
14-8-2022,492.921
15-8-2022,486.894
16-8-2022,488.161
17-8-2022,481.021
18-8-2022,486.6
19-8-2022,489.873
20-8-2022,486.881
21-8-2022,497.259
22-8-2022,485.062
23-8-2022,476.983
24-8-2022,466.509
25-8-2022,470.081
26-8-2022,469.053
27-8-2022,480.773
28-8-2022,479.861
29-8-2022,473.2
30-8-2022,477.284
31-8-2022,478.064
1-9-2022,474.064
2-9-2022,468.011
3-9-2022,473.901
4-9-2022,479.377
5-9-2022,483.421
6-9-2022,481.444
7-9-2022,483.746
8-9-2022,486.676
9-9-2022,481.751
10-9-2022,477.586
11-9-2022,471.496
12-9-2022,484.886
13-9-2022,481.04
14-9-2022,466.149
15-9-2022,468.51
16-9-2022,464.484
17-9-2022,466.514
18-9-2022,462.793
19-9-2022,463.398
20-9-2022,459.582
21-9-2022,457.659
22-9-2022,455.384
23-9-2022,458.437
24-9-2022,461.309
25-9-2022,466.147
26-9-2022,466.18
27-9-2022,463.958
28-9-2022,458.296
29-9-2022,459.101
30-9-2022,460.446
1-10-2022,467.217
2-10-2022,470.101
3-10-2022,472.694
4-10-2022,483.542
5-10-2022,479.806
6-10-2022,488.638
7-10-2022,500.684
8-10-2022,504.767
9-10-2022,503.757
10-10-2022,502.146
11-10-2022,501.012
12-10-2022,496.854
13-10-2022,494.447
14-10-2022,488.532
15-10-2022,498.288
16-10-2022,501.219
17-10-2022,501.938
18-10-2022,493.709
19-10-2022,492.1
20-10-2022,489.801
21-10-2022,487.421
22-10-2022,471.232
23-10-2022,472.467
24-10-2022,471.628
25-10-2022,472.459
26-10-2022,474.913
27-10-2022,472.029
28-10-2022,473.894
29-10-2022,479.849
30-10-2022,470.041
31-10-2022,468.383
1-11-2022,473.808
2-11-2022,478.743
3-11-2022,485.75
4-11-2022,498.786
5-11-2022,497.622
6-11-2022,501.038
7-11-2022,504.695
8-11-2022,494.637
9-11-2022,499.433
10-11-2022,502.767
11-11-2022,503.621
12-11-2022,497.029
13-11-2022,494.303
14-11-2022,491.473
15-11-2022,488.716
16-11-2022,492.15
17-11-2022,488.381
18-11-2022,486.99
19-11-2022,472.001
20-11-2022,469.473
21-11-2022,470.642
22-11-2022,479.115
23-11-2022,461.558
24-11-2022,453.467
25-11-2022,449.074
26-11-2022,444.757
27-11-2022,450.445
28-11-2022,455.725
29-11-2022,471.708
30-11-2022,491.568
1-12-2022,510.35
2-12-2022,527.363
3-12-2022,520.149
4-12-2022,516.023
5-12-2022,509.324
6-12-2022,512.853
7-12-2022,508.001
8-12-2022,504.56
9-12-2022,500.861
10-12-2022,501.174
11-12-2022,503.591
12-12-2022,495.453
13-12-2022,492.854
14-12-2022,489.065
15-12-2022,495.984
16-12-2022,493.104
17-12-2022,489.467
18-12-2022,486.551
19-12-2022,485.899
20-12-2022,489.62
21-12-2022,500.371
22-12-2022,497.624
23-12-2022,499.026
24-12-2022,503.421
25-12-2022,500.853
26-12-2022,497.1
27-12-2022,496.853
28-12-2022,499.536
29-12-2022,496.589
30-12-2022,497.269
31-12-2022,504.455
1-1-2023,503.967
2-1-2023,497.194
3-1-2023,500.866
4-1-2023,503.929
5-1-2023,504.043
6-1-2023,510.885
7-1-2023,522.212
8-1-2023,523.214
9-1-2023,518.705
10-1-2023,535.046
11-1-2023,528.707
12-1-2023,534.081
13-1-2023,545.792
14-1-2023,540.044
15-1-2023,557.302
16-1-2023,551.911
17-1-2023,554.032
18-1-2023,563.968
19-1-2023,552.476
20-1-2023,549.337
21-1-2023,544.272
22-1-2023,546.269
23-1-2023,546.075
24-1-2023,548.869
25-1-2023,554.774
26-1-2023,554.676
27-1-2023,558.036
28-1-2023,563.675
29-1-2023,563.308
30-1-2023,561.444
31-1-2023,559.282
1-2-2023,557.817
2-2-2023,562.758
3-2-2023,564.567
4-2-2023,570.194
5-2-2023,571.154
6-2-2023,570.157
7-2-2023,555.991
8-2-2023,554.271
9-2-2023,558.627
10-2-2023,554.653
11-2-2023,556.821
12-2-2023,553.508
13-2-2023,562.915
14-2-2023,580.032
15-2-2023,563.901
16-2-2023,570.327
17-2-2023,567.709
18-2-2023,567.375
19-2-2023,565.202
20-2-2023,571.474
21-2-2023,567.556
22-2-2023,578.582
23-2-2023,569.62
24-2-2023,557.87
25-2-2023,553.844
26-2-2023,558.867
27-2-2023,553.844
28-2-2023,563.677
1-3-2023,562.143
2-3-2023,556.151
3-3-2023,563.894
4-3-2023,564.386
5-3-2023,564.042
6-3-2023,564.064
7-3-2023,590.729
8-3-2023,568.032
9-3-2023,562.46
10-3-2023,573.261
11-3-2023,580.657
12-3-2023,569.008
13-3-2023,582.528
14-3-2023,571.766
15-3-2023,568.319
16-3-2023,582.054
17-3-2023,567.974
18-3-2023,557.908
19-3-2023,557.29
20-3-2023,559.341
21-3-2023,560.177
22-3-2023,563.465
23-3-2023,576.442
24-3-2023,581.522
25-3-2023,562.048
26-3-2023,572.195
27-3-2023,577.338
28-3-2023,584.186
29-3-2023,575.093
30-3-2023,596.209
31-3-2023,591.274
1-4-2023,583.251
2-4-2023,580.261
3-4-2023,563.596
4-4-2023,569.87
5-4-2023,565.907
6-4-2023,564.7
7-4-2023,564.183
8-4-2023,582.343
9-4-2023,565.907
10-4-2023,578.984
11-4-2023,563.149
12-4-2023,562.805
13-4-2023,562.805
14-4-2023,580.034
15-4-2023,583.617
16-4-2023,590.428
17-4-2023,559.014
18-4-2023,559.231
19-4-2023,569.04
20-4-2023,560.392
21-4-2023,564.64
22-4-2023,563.881
23-4-2023,599.91
24-4-2023,577.642
25-4-2023,585.733
26-4-2023,576.619
27-4-2023,632.236
28-4-2023,567.866
29-4-2023,578.658
30-4-2023,544.711
1-5-2023,555.567
2-5-2023,561.531
3-5-2023,578.481
4-5-2023,560.737
5-5-2023,566.06
6-5-2023,579.029
7-5-2023,569.281
8-5-2023,557.98
9-5-2023,565.872
10-5-2023,558.669
11-5-2023,558.73
12-5-2023,578.169
13-5-2023,560.737
14-5-2023,560.737
15-5-2023,567.088
16-5-2023,566.778
17-5-2023,570.121
18-5-2023,595.008
19-5-2023,586.687
20-5-2023,626.909
21-5-2023,582.794
22-5-2023,628.287
23-5-2023,608.298
24-5-2023,597.925
25-5-2023,580.899
26-5-2023,579.175
27-5-2023,566.738
28-5-2023,567.711
29-5-2023,576.935
30-5-2023,565.045
31-5-2023,579.9
1-6-2023,568.82
2-6-2023,566.596
3-6-2023,576.935
4-6-2023,579.71
5-6-2023,583.416
6-6-2023,588.427
7-6-2023,585.323
8-6-2023,590.721
9-6-2023,594.172
10-6-2023,610.502
11-6-2023,597.304
12-6-2023,611.115
13-6-2023,617.062
14-6-2023,628.987
15-6-2023,595.666
16-6-2023,625.028
17-6-2023,594.359
18-6-2023,595.05
19-6-2023,591.755
20-6-2023,586.93
21-6-2023,586.927
22-6-2023,575.59
23-6-2023,582.204
24-6-2023,581.705
25-6-2023,580.726
26-6-2023,586.585
27-6-2023,592.979
28-6-2023,615.756
29-6-2023,606.401
30-6-2023,606.902
1-7-2023,597.269
2-7-2023,595.544
3-7-2023,596.925
4-7-2023,600.217
5-7-2023,596.925
6-7-2023,597.614
7-7-2023,609.164
8-7-2023,620.016
9-7-2023,619.864
10-7-2023,625.248
11-7-2023,615.165
12-7-2023,613.002
13-7-2023,618.637
14-7-2023,602.439
15-7-2023,602.439
16-7-2023,604.507
17-7-2023,606.87
18-7-2023,619.043
19-7-2023,628.862
20-7-2023,612.084
21-7-2023,606.868
22-7-2023,616.763
23-7-2023,619.915
24-7-2023,630.242
25-7-2023,629.019
26-7-2023,630.918
27-7-2023,616.225
28-7-2023,627.871
29-7-2023,633.951
30-7-2023,625.641
31-7-2023,619.475
1-8-2023,617.948
2-8-2023,617.259
3-8-2023,615.88
4-8-2023,612.089
5-8-2023,611.055
6-8-2023,620.002
7-8-2023,612.089
8-8-2023,608.643
9-8-2023,612.089
10-8-2023,614.744
11-8-2023,612.778
12-8-2023,615.945
13-8-2023,611.744
14-8-2023,609.332
15-8-2023,621.957
16-8-2023,621.948
17-8-2023,632.267
18-8-2023,619.216
19-8-2023,619.896
20-8-2023,630.134
21-8-2023,613.848
22-8-2023,613.427
23-8-2023,640.394
24-8-2023,631.698
25-8-2023,640.694
26-8-2023,606.919
27-8-2023,621.78
28-8-2023,639.145
29-8-2023,613.64
30-8-2023,606.575
31-8-2023,606.753
1-9-2023,615.88
2-9-2023,607.264
3-9-2023,606.575
4-9-2023,620.016
5-9-2023,620.418
6-9-2023,630.392
7-9-2023,632.567
8-9-2023,628.363
9-9-2023,608.941
10-9-2023,617.213
11-9-2023,606.992
12-9-2023,608.987
13-9-2023,615.346
14-9-2023,609.849
15-9-2023,623.807
16-9-2023,616.429
17-9-2023,614.329
18-9-2023,622.052
19-9-2023,611.4
20-9-2023,640.345
21-9-2023,603.3
22-9-2023,621.305
23-9-2023,617.92
24-9-2023,603.228
25-9-2023,610.398
26-9-2023,609.984
27-9-2023,613.246
28-9-2023,617.402
29-9-2023,622.47
30-9-2023,633.518
1-10-2023,614.157
2-10-2023,612.599
3-10-2023,608.444
4-10-2023,610.467
5-10-2023,615.615
6-10-2023,626.037
7-10-2023,646.949
8-10-2023,629.393
9-10-2023,630.52
10-10-2023,623.844
11-10-2023,621.376
12-10-2023,622.773
13-10-2023,613.589
14-10-2023,625.148
15-10-2023,605.541
16-10-2023,659.138
17-10-2023,661.718
18-10-2023,648.075
19-10-2023,633.216
20-10-2023,620.513
21-10-2023,632.078
22-10-2023,602.784
23-10-2023,614.793
24-10-2023,602.512
25-10-2023,604.854
26-10-2023,601.953
27-10-2023,622.628
28-10-2023,629.621
29-10-2023,621.376
30-10-2023,603.09
31-10-2023,601.405
1-11-2023,623.139
2-11-2023,624.561
3-11-2023,609.121
4-11-2023,628.287
5-11-2023,652.167
6-11-2023,620.36
7-11-2023,601.88
8-11-2023,600.716
9-11-2023,646.873
10-11-2023,601.405
11-11-2023,627.678
12-11-2023,602.439
13-11-2023,602.439
14-11-2023,601.405
15-11-2023,601.68
16-11-2023,601.962
17-11-2023,619.236
18-11-2023,624.841
19-11-2023,623.462
20-11-2023,621.807
21-11-2023,606.551
22-11-2023,601.405
23-11-2023,606.575
24-11-2023,603.473
25-11-2023,622.389
26-11-2023,620.81
27-11-2023,618.288
28-11-2023,611.744
29-11-2023,606.575
30-11-2023,619.599
1-12-2023,602.01
2-12-2023,600.716
3-12-2023,601.405
4-12-2023,602.439
5-12-2023,604.398
6-12-2023,599.682
7-12-2023,600.716
8-12-2023,603.681
9-12-2023,603.92
10-12-2023,604.866
11-12-2023,602.439
12-12-2023,602.439
13-12-2023,609.891
14-12-2023,609.041
15-12-2023,602.784
16-12-2023,601.405
17-12-2023,615.451
18-12-2023,623.93
19-12-2023,608.298
20-12-2023,617.39
21-12-2023,609.654
22-12-2023,609.332
23-12-2023,628.273
24-12-2023,622.428
25-12-2023,696.822
26-12-2023,624.014
27-12-2023,632.379
28-12-2023,611.376
29-12-2023,610.992
30-12-2023,620.479
31-12-2023,603.281
1-1-2024,624.014
2-1-2024,618.257
3-1-2024,604.162
4-1-2024,623.68
5-1-2024,607.092
6-1-2024,607.112
7-1-2024,607.092
8-1-2024,606.246
9-1-2024,603.398
10-1-2024,617.571
11-1-2024,628.386
12-1-2024,618.628
13-1-2024,602.836
14-1-2024,618.291
15-1-2024,610.973
16-1-2024,633.123
17-1-2024,631.525
18-1-2024,629.389
19-1-2024,612.869
20-1-2024,621.96
21-1-2024,597.269
22-1-2024,600.188
23-1-2024,633.993
24-1-2024,620.528
25-1-2024,599.443
26-1-2024,618.45
27-1-2024,597.614
28-1-2024,615.759
29-1-2024,630.939
30-1-2024,619.671
31-1-2024,594.857
1-2-2024,599.611
2-2-2024,599.233
3-2-2024,619.27
4-2-2024,594.512
5-2-2024,643.66
6-2-2024,633.63
7-2-2024,633.629
8-2-2024,627.993
9-2-2024,639.629
10-2-2024,640.562
11-2-2024,590.204
12-2-2024,592.789
13-2-2024,611.163
14-2-2024,605.486
15-2-2024,610.818
16-2-2024,605.486
17-2-2024,605.481
18-2-2024,609.552
19-2-2024,605.45
20-2-2024,604.507
21-2-2024,593.478
22-2-2024,600.971
23-2-2024,599.588
24-2-2024,622.01
25-2-2024,604.851
26-2-2024,606.69
27-2-2024,600.814
28-2-2024,622.675
29-2-2024,601.405
1-3-2024,627.598
2-3-2024,610.559
3-3-2024,607.878
4-3-2024,601.7
5-3-2024,635.434
6-3-2024,626.448
7-3-2024,614.322
8-3-2024,618.756
9-3-2024,620.835
10-3-2024,614.039
11-3-2024,594.254
12-3-2024,600.945
13-3-2024,604.624
14-3-2024,617.952
15-3-2024,592.364
16-3-2024,595.319
17-3-2024,596.542
18-3-2024,602.868
19-3-2024,597.522
20-3-2024,595.201
21-3-2024,606.79
22-3-2024,636.557
23-3-2024,632.495
24-3-2024,622.675
25-3-2024,625.979
26-3-2024,644.454
27-3-2024,624.869
28-3-2024,645.071
29-3-2024,594.038
30-3-2024,614.328
31-3-2024,596.394
1-4-2024,623.925
2-4-2024,615.528
3-4-2024,612.126
4-4-2024,596.401
5-4-2024,593.133
6-4-2024,618.571
7-4-2024,618.965
8-4-2024,607.794
9-4-2024,598.612
10-4-2024,603.128
11-4-2024,602.565
12-4-2024,606.568
13-4-2024,596.58
14-4-2024,627.645
15-4-2024,628.182
16-4-2024,616.801
17-4-2024,635.026
18-4-2024,611.438
19-4-2024,620.764
20-4-2024,605.357
21-4-2024,633.749
22-4-2024,603.228
23-4-2024,584.784
24-4-2024,618.684
25-4-2024,580.382
26-4-2024,603.166
27-4-2024,620.417
28-4-2024,594.618
29-4-2024,604.162
30-4-2024,603.128
1-5-2024,586.93
2-5-2024,582.794
3-5-2024,590.088
4-5-2024,591.598
5-5-2024,601.964
6-5-2024,595.891
7-5-2024,612.301
8-5-2024,618.916
9-5-2024,617.446
10-5-2024,615.235
11-5-2024,641.955
12-5-2024,648.395
13-5-2024,612.979
14-5-2024,622.755
15-5-2024,599.337
16-5-2024,598.303
17-5-2024,612.22
18-5-2024,615.191
19-5-2024,613.123
20-5-2024,620.152
21-5-2024,612.694
22-5-2024,607.325
23-5-2024,607.364
24-5-2024,619.377
25-5-2024,624.413
26-5-2024,624.602
27-5-2024,623.503
28-5-2024,612.716
29-5-2024,615.263
30-5-2024,601.109
31-5-2024,632.235
1-6-2024,644.203
2-6-2024,598.031
3-6-2024,609.112
4-6-2024,597.021
5-6-2024,597.284
6-6-2024,614.615
7-6-2024,617.836
8-6-2024,616.617
9-6-2024,603.128
10-6-2024,613.892
11-6-2024,617.832
12-6-2024,613.138
13-6-2024,588.308
14-6-2024,619.217
15-6-2024,626.604
16-6-2024,645.014
17-6-2024,602.543
18-6-2024,585.551
19-6-2024,583.483
20-6-2024,582.45
21-6-2024,587.172
22-6-2024,603.408
23-6-2024,617.374
24-6-2024,596.456
25-6-2024,583.139
26-6-2024,592.568
27-6-2024,586.673
28-6-2024,618.11
29-6-2024,589.634
30-6-2024,596.463
1-7-2024,582.794
2-7-2024,585.378
3-7-2024,580.726
4-7-2024,586.639
5-7-2024,582.622
6-7-2024,580.382
7-7-2024,586.226
8-7-2024,581.76
9-7-2024,578.263
10-7-2024,581.416
11-7-2024,581.416
12-7-2024,582.643
13-7-2024,597.28
14-7-2024,582.794
15-7-2024,594.724
16-7-2024,585.551
17-7-2024,608.882
18-7-2024,588.308
19-7-2024,616.058
20-7-2024,601.325
21-7-2024,587.083
22-7-2024,600.111
23-7-2024,626.91
24-7-2024,637.706
25-7-2024,585.551
26-7-2024,589.893
27-7-2024,599.682
28-7-2024,608.44
29-7-2024,600.026
30-7-2024,585.207
31-7-2024,598.473
1-8-2024,598.681
2-8-2024,595.253
3-8-2024,587.381
4-8-2024,587.383
5-8-2024,593.468
6-8-2024,584.173
7-8-2024,587.33
8-8-2024,615.244
9-8-2024,603.487
10-8-2024,599.853
11-8-2024,585.551
12-8-2024,584.517
13-8-2024,604.953
14-8-2024,592.874
15-8-2024,605.838
16-8-2024,616.237
17-8-2024,616.952
18-8-2024,620.963
19-8-2024,597.017
20-8-2024,584.862
21-8-2024,590.496
22-8-2024,590.314
23-8-2024,586.585
24-8-2024,587.142
25-8-2024,590.075
26-8-2024,586.585
27-8-2024,589.17
28-8-2024,600.135
29-8-2024,595.243
30-8-2024,603.234
31-8-2024,593.478
1-9-2024,600.11
2-9-2024,594.512
3-9-2024,589.964
4-9-2024,600.125
5-9-2024,592.508
6-9-2024,621.812
7-9-2024,589.342
8-9-2024,614.833
9-9-2024,624.029
10-9-2024,630.44
11-9-2024,630.406
12-9-2024,588.677
13-9-2024,601.38
14-9-2024,596.111
15-9-2024,596.598
16-9-2024,613.528
17-9-2024,587.259
18-9-2024,598.828
19-9-2024,615.018
20-9-2024,596.499
21-9-2024,601.145
22-9-2024,585.686
23-9-2024,589.864
24-9-2024,585.551
25-9-2024,594.02
26-9-2024,590.871
27-9-2024,598.899
28-9-2024,622.463
29-9-2024,618.186
30-9-2024,589.581
1-10-2024,604.219
2-10-2024,588.998
3-10-2024,596.316
4-10-2024,605.074
5-10-2024,588.653
6-10-2024,590.721
7-10-2024,590.721
8-10-2024,585.551
9-10-2024,593.906
10-10-2024,591.066
11-10-2024,594.103
12-10-2024,591.755
13-10-2024,594.354
14-10-2024,610.249
15-10-2024,604.387
16-10-2024,613.468
17-10-2024,603.877
18-10-2024,593.453
19-10-2024,594.331
20-10-2024,590.862
21-10-2024,609.264
22-10-2024,607.84
23-10-2024,595.546
24-10-2024,602.815
25-10-2024,583.545
26-10-2024,597.979
27-10-2024,584.69
28-10-2024,611.199
29-10-2024,590.822
30-10-2024,594.857
31-10-2024,593.354
1-11-2024,592.1
2-11-2024,581.243
3-11-2024,584
4-11-2024,637.248
5-11-2024,600.491
6-11-2024,586.094
7-11-2024,581.76
8-11-2024,589.738
9-11-2024,588.089
10-11-2024,586.883
11-11-2024,582.794
12-11-2024,584.862
13-11-2024,596.235
14-11-2024,621.388
15-11-2024,601.463
16-11-2024,619.29
17-11-2024,623.895
18-11-2024,633.263
19-11-2024,634.006
20-11-2024,629.621
21-11-2024,614.209
22-11-2024,620.705
23-11-2024,651.983
24-11-2024,631.493
25-11-2024,606.61
26-11-2024,636.18
27-11-2024,631.477
28-11-2024,605.885
29-11-2024,651.368
30-11-2024,656.425
1-12-2024,650.734
2-12-2024,649.977
3-12-2024,644.572
4-12-2024,653.691
5-12-2024,637.538
6-12-2024,638.66
7-12-2024,646.524
8-12-2024,613.95
9-12-2024,624.907
10-12-2024,631.588
11-12-2024,649.977
12-12-2024,621.935
13-12-2024,642.868
14-12-2024,655.151
15-12-2024,676.944
16-12-2024,674.987
17-12-2024,675.371
18-12-2024,666.529
19-12-2024,676.55
20-12-2024,670.75
21-12-2024,675.291
22-12-2024,646.198
23-12-2024,642.268
24-12-2024,670.261
25-12-2024,668.768
26-12-2024,650.345
